title,brand,product,price,description,bottle_capacity,vg,pg,formulation,made_in,url
CUBAN TOBACCO - FUME SALTS - 30ML,FIND BRAND,CUBAN TOBACCO - FUME SALTS - 30ML,$11.99,"Cuban Tobacco - Fume Salts captures the refined taste of premium Cuban cigar tobacco, offering a robust and satisfying vape for tobacco aficionados. This 30mL e-liquid features a balanced 50/50 VG/PG ratio, providing both full-bodied flavor and smooth vapor production. With nicotine salts and a 50mg strength, Cuban Tobacco delivers a deep and authentic experience, ideal for those who appreciate the bold character of classic tobacco. Every puff brings the warm, earthy essence of a fine Cuban cigar, making it the perfect choice for an indulgent vape session.
CUBAN TOBACCO - FUME SALTS - 30ML FEATURES:
• FLAVOR PROFILE: Cuban Cigar | Tobacco
• BOTTLE CAPACITY: 30mL Unicorn Bottle
• VG: 50%
• PG: 50%
• FORMULATION: Nicotine Salts
INCLUDES:
• 1 Cuban Tobacco - Fume Salts - 30mL
AVAILABLE OPTIONS:
• 50mg
CALIFORNIA PROPOSITION 65 Warning: This product contains nicotine, a chemical known to the state of California to cause birth defects or other reproductive harm.",30mL Unicorn Bottle,50%,50%,Nicotine Salts,,https://www.elementvape.com/fume-vape-cuban-tobacco-salts
NUTS TOBACCO - HQD SALTS - 30ML,FIND BRAND,NUTS TOBACCO - HQD SALTS - 30ML,$11.99,"Nuts Tobacco - HQD Salts delivers a distinctive and layered flavor profile, blending the warmth of roasted almond, a touch of minty freshness, and the robust undertones of tobacco. This e-liquid is formulated with a balanced 50/50 VG/PG ratio, making it perfect for those who appreciate a complex, nutty tobacco flavor with a refreshing twist. Available in a 30mL unicorn bottle, it comes in 20mg and 50mg nicotine salt strengths for a satisfying, smooth inhale every time. Nuts Tobacco - HQD Salts offers a refined and flavorful option for tobacco enthusiasts seeking a unique vape.
NUTS TOBACCO - HQD SALTS - 30ML FEATURES:
• FLAVOR PROFILE: Almond | Mint | Tobacco
• BOTTLE CAPACITY: 30mL Unicorn Bottle
• VG: 50%
• PG: 50%
• FORMULATION: Nicotine Salts
INCLUDES:
• 1 Nuts Tobacco - HQD Salts - 30mL
AVAILABLE OPTIONS:
• 20mg
• 50mg
CALIFORNIA PROPOSITION 65 Warning: This product contains nicotine, a chemical known to the state of California to cause birth defects or other reproductive harm.",30mL Unicorn Bottle,50%,50%,Nicotine Salts,,https://www.elementvape.com/hqd-technology-nuts-tobacco-salts
BLU GOLD LEAF DISPOSABLE PODS,FIND BRAND,BLU GOLD LEAF DISPOSABLE PODS,$8.99,"Experience the Blu Gold Leaf Disposable Pods, featuring 1.5mL of rich nicotine salt formulation, conveniently packaged in a pack of two for your Blu Device Kit. Each pod is crafted from durable PCTG material and pre-filled with 24mg of smooth, tobacco-inspired nicotine salts, delivering a robust and satisfying vape. Designed for ease of use, these disposable pods are compatible exclusively with the Blu Device Kit, offering a hassle-free and flavorful vaping experience. Perfect for those who appreciate a classic tobacco flavor with the convenience of disposable pods.
BLU GOLD LEAF DISPOSABLE PODS FEATURES:
• SUBCATEGORY: Disposable Pods
• POD CAPACITY: 1.5mL
• POD MATERIAL: PCTG
• FORMULATION: Nicotine Salts
• COMPATIBILITY: Blu Device Kit
• Comes in Pack of 2
INCLUDES:
• 2 Blu Gold Leaf Liquipods
AVAILABLE OPTIONS:
• 24mg
CALIFORNIA PROPOSITION 65 - Warning: This product contains nicotine, a chemical known to the state of California to cause birth defects or other reproductive harm.",,,,Nicotine Salts,,https://www.elementvape.com/blu-gold-leaf-disposable-pods
VNT - FOUR SEASONS SALT - 30ML,FOUR SEASONS,VNT - FOUR SEASONS SALT - 30ML,$10.99,"Shop VNT by Four Seasons Salt, refining bold aged tobacco combined with a silky sweet undertone that delivers tantalizing flavor for the tobacco aficionado.
VNT - FOUR SEASONS SALT - 30ML FEATURES:
• BOTTLE CAPACITY: 30mL Unicorn Bottle
• VG: 50%
• PG: 50%
• FORMULATION: Nicotine Salts
• MADE IN: USA
INCLUDES:
• 1 30mL Unicorn Bottle
AVAILABLE OPTIONS:
• 30mg
• 50mg
CALIFORNIA PROPOSITION 65 - Warning: This product contains nicotine, a chemical known to the state of California to cause birth defects or other reproductive harm.",30mL Unicorn Bottle,50%,50%,Nicotine Salts,USA,https://www.elementvape.com/vnt-four-seasons-salt
VNT - FOUR SEASONS - 60ML,FOUR SEASONS,VNT - FOUR SEASONS - 60ML,$11.99,"Discover VNT by Four Seasons, captivating the robust flavors of well-aged tobacco with tantalizing sweetness, exuding an aura of luxury and sophistication. 
VNT - FOUR SEASONS - 60ML FEATURES:
• BOTTLE CAPACITY: 60mL Unicorn Bottle
• VG: 50%
• PG: 50%
• FORMULATION: Freebase Nicotine
• MADE IN: USA
INCLUDES:
• 1 60mL Unicorn Bottle
AVAILABLE OPTIONS:
• 0mg
• 3mg
• 6mg
• 12mg
• 18mg
CALIFORNIA PROPOSITION 65 - Warning: This product contains nicotine, a chemical known to the state of California to cause birth defects or other reproductive harm.",60mL Unicorn Bottle,50%,50%,Freebase Nicotine,USA,https://www.elementvape.com/vnt-four-seasons
MENTHOL TOBACCO - COASTAL CLOUDS SALTS - 30ML,COASTAL CLOUDS,MENTHOL TOBACCO - COASTAL CLOUDS SALTS - 30ML,$10.99,"Check out Menthol Tobacco by Coastal Clouds Salts, a tantalizing nicotine salt blend featuring cured tobacco combined with refreshingly cool menthol.
MENTHOL TOBACCO - COASTAL CLOUDS SALTS - 30ML FEATURES:
• BOTTLE CAPACITY: 30mL
• VG: 50%
• PG: 50%
• FORMULATION: Nicotine Salts
• MADE IN: USA
INCLUDES:
• 1 Menthol Tobacco - Coastal Clouds Salts - 30mL
AVAILABLE OPTIONS:
• 35mg
• 50mg
CALIFORNIA PROPOSITION 65 - Warning: This product contains nicotine, a chemical known to the state of California to cause birth defects or other reproductive harm.",30mL,50%,50%,Nicotine Salts,USA,https://www.elementvape.com/menthol-tobacco-coastal-clouds-salts
MENTHOL TOBACCO - COASTAL CLOUDS CO. - 60ML,COASTAL CLOUDS,MENTHOL TOBACCO - COASTAL CLOUDS CO. - 60ML,$11.99,"Shop Menthol Tobacco by Coastal Clouds Co., featuring a blend of rich robust tobacco enhanced with the cooling effects of refreshing menthol for a bold vape.
MENTHOL TOBACCO - COASTAL CLOUDS CO. - 60ML FEATURES:
• BOTTLE CAPACITY: 60mL
• VG: 70%
• PG: 30%
• FORMULATION: Freebase Nicotine
• MADE IN: USA
INCLUDES:
• 1 Menthol Tobacco - Coastal Clouds Co. - 60mL
AVAILABLE OPTIONS:
• 0mg
• 3mg
• 6mg
CALIFORNIA PROPOSITION 65 - Warning: This product contains nicotine, a chemical known to the state of California to cause birth defects or other reproductive harm.",60mL,70%,30%,Freebase Nicotine,USA,https://www.elementvape.com/menthol-tobacco-coastal-clouds
CARAMEL TOBACCO - JOHNNY CREAMPUFF SALTS - 30ML,FIND BRAND,CARAMEL TOBACCO - JOHNNY CREAMPUFF SALTS - 30ML,$10.99,"Experience Caramel Tobacco by Johnny Creampuff Salts, a robust essence of dry tobacco harmonized with the indulgent sweetness of creamy caramel, delivering a smooth and satisfying vape.
CARAMEL TOBACCO - JOHNNY CREAMPUFF SALTS - 30ML FEATURES:
• BOTTLE CAPACITY: 30mL Unicorn Bottle
• VG: 50%
• PG: 50%
• FORMULATION: Nicotine Salts
• MADE IN: USA
INCLUDES:
• 1 Caramel Tobacco - Johnny Creampuff Salts - 30mL
AVAILABLE OPTIONS:
• 35mg
• 50mg
CALIFORNIA PROPOSITION 65 - Warning: This product contains nicotine, a chemical known to the state of California to cause birth defects or other reproductive harm.",30mL Unicorn Bottle,50%,50%,Nicotine Salts,USA,https://www.elementvape.com/caramel-tobacco-johhny-creampuff-salts
CARAMEL TOBACCO - JOHNNY CREAMPUFF - 100ML,FIND BRAND,CARAMEL TOBACCO - JOHNNY CREAMPUFF - 100ML,$13.99,"Indulge in Caramel Tobacco by Johnny Creampuff, featuring a 100mL nicotine formulation that captures the bold notes of dry tobacco infused with sweet and creamy caramel.
CARAMEL TOBACCO - JOHNNY CREAMPUFF - 100ML FEATURES:
• BOTTLE CAPACITY: 100mL Unicorn Bottle
• VG: 70%
• PG: 30%
• FORMULATION: Freebase Nicotine
• MADE IN: USA
INCLUDES:
• 1 Caramel Tobacco - Johnny Creampuff - 100mL
AVAILABLE OPTIONS:
• 0mg
• 3mg
• 6mg
CALIFORNIA PROPOSITION 65 - Warning: This product contains nicotine, a chemical known to the state of California to cause birth defects or other reproductive harm.",100mL Unicorn Bottle,70%,30%,Freebase Nicotine,USA,https://www.elementvape.com/caramel-tobacco-johhny-creampuff
TOBACCO - HUMBLE SALTS - 30ML,FIND BRAND,TOBACCO - HUMBLE SALTS - 30ML,$10.99,"Discover Tobacco by Humble, a nicotine salt eJuice enhanced with the robust flavors of smooth tobacco that will be sure to satisfy tobacco aficionados.
TOBACCO - HUMBLE SALTS - 30ML FEATURES:
• BOTTLE CAPACITY: 30mL
• VG: 50%
• PG: 50%
• FORMULATION: Nicotine Salts
• MADE IN: USA
INCLUDES:
• 1 30mL Unicorn Bottle
AVAILABLE OPTIONS:
• 48mg
CALIFORNIA PROPOSITION 65 - Warning: This product contains nicotine, a chemical known to the state of California to cause birth defects or other reproductive harm.",30mL,50%,50%,Nicotine Salts,USA,https://www.elementvape.com/tobacco-humble-salts
VANILLA TOBACCO - COASTAL CLOUDS SALT - 30ML,COASTAL CLOUDS,VANILLA TOBACCO - COASTAL CLOUDS SALT - 30ML,$10.99,"Shop Vanilla Tobacco by Coastal Clouds Salt, capturing the flavor of delicious vanilla and smoky notes of tobacco in a robust and vibrant nicotine salt.
VANILLA TOBACCO - COASTAL CLOUDS SALT - 30ML FEATURES:
• BOTTLE CAPACITY: 30mL Unicorn Bottle
• VG: 50%
• PG: 50%
• FORMULATION: Nicotine Salts
• MADE IN: USA
INCLUDES:
• 1 30mL Unicorn Bottle
AVAILABLE OPTIONS:
• 35mg
• 50mg
CALIFORNIA PROPOSITION 65 - Warning: This product contains nicotine, a chemical known to the state of California to cause birth defects or other reproductive harm. ",30mL Unicorn Bottle,50%,50%,Nicotine Salts,USA,https://www.elementvape.com/vanilla-tobacco-coastal-clouds-salt
JEWEL TOBACCO - POD JUICE - 100ML,POD JUICE,JEWEL TOBACCO - POD JUICE - 100ML,$13.99,"Discover Jewel Tobacco by Pod Juice, featuring notes of smooth and balanced flavors of Virginian tobacco that will satisfy the taste buds of any aficionado.
JEWEL TOBACCO - POD JUICE - 100ML FEATURES:
• BOTTLE CAPACITY: 100mL Unicorn Bottle
• VG: 70%
• PG: 30%
• FORMULATION: Freebase Nicotine
• MADE IN: USA
INCLUDES:
• 1 100mL Unicorn Bottle
AVAILABLE OPTIONS:
• 0mg
• 3mg
• 6mg
• 12mg
CALIFORNIA PROPOSITION 65 - Warning: This product contains nicotine, a chemical known to the state of California to cause birth defects or other reproductive harm. ",100mL Unicorn Bottle,70%,30%,Freebase Nicotine,USA,https://www.elementvape.com/jewel-tobacco-pod-juice-100ml
TOBACCO TRAIL - CUTTWOOD SALTS - 30ML,CUTTWOOD,TOBACCO TRAIL - CUTTWOOD SALTS - 30ML,$10.99,"Discover Tobacco Trail by Cuttwood Salts, a nicotine salt blend incorporating notes of smooth tobacco and a touch of honey to tantalize the taste buds.
TOBACCO TRAIL - CUTTWOOD SALTS - 30ML FEATURES:
• BOTTLE CAPACITY: 30mL Unicorn Bottle
• VG: 50%
• PG: 50%
• FORMULATION: Nicotine Salts
• MADE IN: USA
INCLUDES:
• 1 30mL Unicorn Bottle
AVAILABLE OPTIONS:
• 35mg
• 50mg
CALIFORNIA PROPOSITION 65 - Warning: This product contains nicotine, a chemical known to the state of California to cause birth defects or other reproductive harm. ",30mL Unicorn Bottle,50%,50%,Nicotine Salts,USA,https://www.elementvape.com/tobacco-trail-cuttwood-salts
ICED DRY TOBACCO - VGOD SALTNIC - 30ML,VGOD,ICED DRY TOBACCO - VGOD SALTNIC - 30ML,$10.99,"Discover Iced Dry Tobacco by VGOD, featuring a nic salt blend of classic dry tobacco infused with a blast of refreshing menthol for a bold and chilling vape.
Iced Dry Tobacco - VGOD SaltNic - 30mL Features:
• Capacity: 30mL Unicorn Bottle
• VG: 50%
• PG: 50%
• Fomulation: Nicotine Salts
• Child Resistant Cap
• Made in USA
Available Options:
25mg | 50mg
CALIFORNIA PROPOSITION 65 - Warning: This product contains nicotine, a chemical known to the state of California to cause birth defects or other reproductive harm. ",,50%,50%,,,https://www.elementvape.com/iced-dry-tobacco-vgod-saltnic
MYSTERY E-LIQUID 100/200ML PACK,FIND BRAND,MYSTERY E-LIQUID 100/200ML PACK,$11.99,"The perfect gift for any vaping enthusiasts or those looking to try new fun flavors, members of the Element Vape community can pick up a Mystery E-Liquid Bag containing premium e-liquid(s) at a  low price in a variety of size option - 100mL & 200mL. These randomly chosen bottles are sure to be a pleasant surprise. No cherry picking, as this would not be a mystery if you knew what you would be getting. The only thing definite is that you will receive some of the industry's most popular and best e-juices at incredible value.
Simply select your desired Mystery Bag size in the drop down menu. Due to the nature of this promotion, no returns or exchanges will be accepted and all sales are final. 
Features:
100mL Mystery Bag - Contains at least 100mL of juices - can be a combination of 60mLs or one bottle of 100mL/120mL.
200mL Mystery Bag - A combination of 60mL, 100mL, and 120mL bottles with at least 200mL of juices!
Premium Brands Available on Our Catalog
Incredible Value
CALIFORNIA PROPOSITION 65 - Warning: This product contains nicotine, a chemical known to the state of California to cause birth defects or other reproductive harm. ",,,,,,https://www.elementvape.com/e-liquid-mystery-bag-200ml-edition
MYSTERY NICOTINE SALTS PACK - 60/120ML,FIND BRAND,MYSTERY NICOTINE SALTS PACK - 60/120ML,$19.99,"The ultimate Mystery E-Liquid Pack returns with Nicotine Salts offerings for those looking to try new flavors to pair with your favorite portable devices!
These randomly chosen bottles are sure to be a pleasant surprise. No cherry picking, as this would not be a mystery if you knew what you would be getting. The only thing definite is that you will receive some of the industry's most popular nic salts at incredible value.
Simply select your desired Mystery Bag size in the drop down menu. Due to the nature of this promotion, no returns or exchanges will be accepted and all sales are final. 
Warning: This product is not meant for use in devices that reach sub-ohm resistance. We recommend this liquid to be used in vape pod system and ultra low-output atomizers/mods. Every nicotine salts e-juice contains significantly higher levels of nicotine per milliliter, optimal for beginners or experienced vapers looking for a travel-friendly experience.
Features:
60mL Mystery Pack - Contains at least 60mL of nicotine salts
120mL Mystery Pack - Contains at least 120mL of nicotine salts
Two Nicotine Strength Range: 20mg to 35mg & 36mg to 60mg
Premium Brands Available on Our Catalog
Incredible Value
CALIFORNIA PROPOSITION 65 - Warning: This product contains nicotine, a chemical known to the state of California to cause birth defects or other reproductive harm. ",,,,,,https://www.elementvape.com/mystery-nicotine-salts-pack
VIRGINIA TOBACCO SALT - FOUR SEASONS - 30ML,FOUR SEASONS,VIRGINIA TOBACCO SALT - FOUR SEASONS - 30ML,$10.99,"Check out Virginia Tobacco SALT by Four Seasons, an earthy but bold rendition of tobacco, treated with a flue-curing process to enhance the natural flavors.
Virginia Tobacco SALT - Four Seasons Features:
• Bottle Capacity: 30mL Unicorn Bottle
• PG: 50%
• VG: 50%
• Formulation: Nicotine Salt
• Child Resistant Cap
• Made in USA
Available Options:
30mg | 50mg
CALIFORNIA PROPOSITION 65 - Warning: This product contains nicotine, a chemical known to the state of California to cause birth defects or other reproductive harm. ",,50%,50%,,,https://www.elementvape.com/virginia-tobacco-four-seasons-salt
VIRGINIA TOBACCO - FOUR SEASONS - 60ML,FOUR SEASONS,VIRGINIA TOBACCO - FOUR SEASONS - 60ML,$11.99,"Shop the Virginia Tobacco by Four Seasons, capturing the robust flavor of flue-cured tobacco for an earthy bold flavor expression to tantalize the senses.
Virginia Tobacco - Four Seasons - 60mL Features:
• Bottle Capacity: 60mL Unicorn Bottle
• PG: 50%
• VG: 50%
• Formulation: Freebase E-Juice
• Child Resistant Cap
• Made in USA
Available Options:
3mg | 6mg | 12mg | 18mg
CALIFORNIA PROPOSITION 65 - Warning: This product contains nicotine, a chemical known to the state of California to cause birth defects or other reproductive harm. ",,50%,50%,,,https://www.elementvape.com/virginia-tobacco-four-seasons
SILVER BLEND - NASTY JUICE - 60ML,NASTY JUICE,SILVER BLEND - NASTY JUICE - 60ML,$11.99,"Shop Silver Blend by Nasty Juice, a decadent tobacco-flavored eJuice infused with notes of delicious vanilla custard to create a magnificent eJuice blend.
Silver Blend - Nasty Juice - 60mL Features:
• Bottle Capacity: 60mL
• PG: 30%
• VG: 70%
• Formulation: Freebase E-Liquid
Available Options:
0mg | 3mg | 6mg
CALIFORNIA PROPOSITION 65 - Warning: This product contains nicotine, a chemical known to the state of California to cause birth defects or other reproductive harm. ",,70%,30%,,,https://www.elementvape.com/silver-blend-nasty-juice
BRONZE BLEND - NASTY JUICE - 60ML,NASTY JUICE,BRONZE BLEND - NASTY JUICE - 60ML,$11.99,"Discover Bronze Blend by Nasty Juice, a tobacco-flavored eJuice balanced with a slight hint of caramel that will tantalize the taste buds of tobacco lovers.
Bronze Blend - Nasty Juice - 60mL Features:
• Bottle Capacity: 60mL
• PG: 30%
• VG: 70%
• Formulation: Freebase E-Liquid
Available Options:
0mg | 3mg | 6mg
CALIFORNIA PROPOSITION 65 - Warning: This product contains nicotine, a chemical known to the state of California to cause birth defects or other reproductive harm. ",,70%,30%,,,https://www.elementvape.com/bronze-blend-nasty-juice
SMOOTH TOBACCO - MAD HATTER - 60ML,FIND BRAND,SMOOTH TOBACCO - MAD HATTER - 60ML,$11.99,"Dive into a bottle of Smooth Tobacco by Mad Hatter Juice, combining notes of cured tobacco to create a decadent flavor that tobacco aficionados will love.
Smooth Tobacco - Mad Hatter - 60mL Features:
• Bottle Capacity: 60mL
• PG: 30%
• VG: 70%
• Formulation: Freebase E-Juice
• Available Nicotine: 0mg, 3mg, 6mg
CALIFORNIA PROPOSITION 65 - Warning: This product contains nicotine, a chemical known to the state of California to cause birth defects or other reproductive harm. ",,70%,30%,,,https://www.elementvape.com/smooth-tobacco-mad-hatter
TOBACCO - BAR JUICE - 100ML,FIND BRAND,TOBACCO - BAR JUICE - 100ML,$14.99,"Check out Tobacco by Bar Juice, capturing a blend of robust cured tobacco with notes of smokiness that will amaze all lovers of tobacco-flavored eJuice.
Tobacco - Bar Juice - 100mL Features:
• Bottle Capacity: 100mL
• PG: 50%
• VG: 50%
• Formulation: Freebase E-Juice
• Available Nicotine: 0mg, 3mg, 6mg
Available Options:
0mg, 3mg, 6mg
WARNINGS:
CALIFORNIA PROPOSITION 65 - Warning: This product contains nicotine, a chemical known to the state of California to cause birth defects or other reproductive harm. 
Element Vape provides Product Information that includes, but is not limited to, technical specifications, recommendations, and other materials for Customer’s convenience in Customer’s selection of Products. The accuracy or completeness of Product Information is not guaranteed and is subject to change without notice.",,50%,50%,,,https://www.elementvape.com/tobacco-bar-juice-100ml
TOBACCO - BAR JUICE - 30ML,FIND BRAND,TOBACCO - BAR JUICE - 30ML,$10.99,"Discover Tobacco by Bar Juice, capturing the rich flavors of cured tobacco leaves inside a nicotine salt blend that will satisfy those that love tobacco.
Tobacco - Bar Juice - 30mL Features:
• Bottle Capacity: 30mL
• PG: 50%
• VG: 50%
• Formulation: Nicotine Salt
• Available Nicotine: 25mg, 50mg
Available Options:
25mg, 50mg
WARNINGS:
CALIFORNIA PROPOSITION 65 - Warning: This product contains nicotine, a chemical known to the state of California to cause birth defects or other reproductive harm. 
Element Vape provides Product Information that includes, but is not limited to, technical specifications, recommendations, and other materials for Customer’s convenience in Customer’s selection of Products. The accuracy or completeness of Product Information is not guaranteed and is subject to change without notice.",,50%,50%,,,https://www.elementvape.com/tobacco-bar-juice-30ml
VIRGINIA TOBACCO - POD JUICE - 30ML,POD JUICE,VIRGINIA TOBACCO - POD JUICE - 30ML,$10.99,"Shop Virginia Tobacco by Pod Juice, blending together nicotine salts enhanced with bold cured tobacco flavor to tantalize the taste buds of aficionados.
Virginia Tobacco - Pod Juice - 30mL Features:
• Bottle Capacity: 30mL
• PG: 50%
• VG: 50%
• Formulation: Freebase E-Juice
Available Options:
0mg | 20mg | 35mg | 55mg
WARNINGS:
CALIFORNIA PROPOSITION 65 - Warning: This product contains nicotine, a chemical known to the state of California to cause birth defects or other reproductive harm. 
Element Vape provides Product Information that includes, but is not limited to, technical specifications, recommendations, and other materials for Customer’s convenience in Customer’s selection of Products. The accuracy or completeness of Product Information is not guaranteed and is subject to change without notice.",,50%,50%,,,https://www.elementvape.com/virginia-tobacco-pod-juice-salts
VIRGINIA TOBACCO - POD JUICE - 100ML,POD JUICE,VIRGINIA TOBACCO - POD JUICE - 100ML,$13.99,"Check out Virginia Tobacco by Pod Juice, capturing a robust blend of cured tobacco in an eJuice blend that will satisfy the pickiest of tobacco lovers.
Virginia Tobacco - Pod Juice - 100mL Features:
• Bottle Capacity: 100mL
• PG: 30%
• VG: 70%
• Formulation: Synthetic Nicotine
• Available Nicotine: 0mg, 3mg, 6mg, 12mg
WARNINGS:
CALIFORNIA PROPOSITION 65 - Warning: This product contains nicotine, a chemical known to the state of California to cause birth defects or other reproductive harm. 
Element Vape provides Product Information that includes, but is not limited to, technical specifications, recommendations, and other materials for Customer’s convenience in Customer’s selection of Products. The accuracy or completeness of Product Information is not guaranteed and is subject to change without notice.",,70%,30%,,,https://www.elementvape.com/virginia-tobacco-pod-juice
TOBACCO - HUMBLE JUICE CO. - 120ML,HUMBLE JUICE CO.,TOBACCO - HUMBLE JUICE CO. - 120ML,$14.99,"Check out Tobacco by Humble Juice Co, capturing the bold flavors and rich aromas of cured tobacco leaves to tantalize the palate of tobacco aficionados.
Tobacco - Humble Juice Co. - 120mL Features:
• Bottle Capacity: 100mL
• PG: 30%
• VG: 70%
• Formulation: Freebase E-Juice
• Available Nicotine: 0mg, 3mg, 6mg
WARNINGS:
CALIFORNIA PROPOSITION 65 - Warning: This product contains nicotine, a chemical known to the state of California to cause birth defects or other reproductive harm. 
Element Vape provides Product Information that includes, but is not limited to, technical specifications, recommendations, and other materials for Customer’s convenience in Customer’s selection of Products. The accuracy or completeness of Product Information is not guaranteed and is subject to change without notice.",,70%,30%,,,https://www.elementvape.com/tobacco-humble
BLUE TOBACCO - BSX SALT SERIES - 30ML,FIND BRAND,BLUE TOBACCO - BSX SALT SERIES - 30ML,$10.99,"Discover Blue Tobacco by Glas Salts, mixing together notes of medium bodied, richly flavored pipe tobacco that will please tobacco lovers with true flavor.
Blue Tobacco - Glas Salts - 30mL Features:
• Bottle Capacity: 30mL
• PG: 50%
• VG: 50%
• Formulation: Nicotine Salt
• Available Nicotine: 30mg, 50mg
WARNINGS:
CALIFORNIA PROPOSITION 65 - Warning: This product contains nicotine, a chemical known to the state of California to cause birth defects or other reproductive harm. 
Element Vape provides Product Information that includes, but is not limited to, technical specifications, recommendations, and other materials for Customer’s convenience in Customer’s selection of Products. The accuracy or completeness of Product Information is not guaranteed and is subject to change without notice.",,50%,50%,,,https://www.elementvape.com/tobacco-blue-glas-salts
BROWN TOBACCO - BSX SALT SERIES - 30ML,FIND BRAND,BROWN TOBACCO - BSX SALT SERIES - 30ML,$10.99,"Check out Brown Tobacco by Glas Salts, taking a nicotine salt blend flavored with classic tobacco flavors with a medium body, but well rounded flavor.
Brown Tobacco - Glas Salts - 30mL Features:
• Bottle Capacity: 30mL
• PG: 50%
• VG: 50%
• Formulation: Nicotine Salt
• Available Nicotine: 30mg, 50mg
WARNINGS:
CALIFORNIA PROPOSITION 65 - Warning: This product contains nicotine, a chemical known to the state of California to cause birth defects or other reproductive harm. 
Element Vape provides Product Information that includes, but is not limited to, technical specifications, recommendations, and other materials for Customer’s convenience in Customer’s selection of Products. The accuracy or completeness of Product Information is not guaranteed and is subject to change without notice.",,50%,50%,,,https://www.elementvape.com/tobacco-brown-glas-salts
BLACK TOBACCO - BSX SALT SERIES - 30ML,FIND BRAND,BLACK TOBACCO - BSX SALT SERIES - 30ML,$10.99,"Shop Black Tobacco by Glas Salts, capturing a nicotine salt blend of dark and mild pipe tobacco thats well rounded and flavorful to entice the taste buds.
Black Tobacco - Glas Salts - 30mL Features:
• Bottle Capacity: 30mL
• PG: 50%
• VG: 50%
• Formulation: Nicotine Salt
• Available Nicotine: 30mg, 50mg
WARNINGS:
CALIFORNIA PROPOSITION 65 - Warning: This product contains nicotine, a chemical known to the state of California to cause birth defects or other reproductive harm. 
Element Vape provides Product Information that includes, but is not limited to, technical specifications, recommendations, and other materials for Customer’s convenience in Customer’s selection of Products. The accuracy or completeness of Product Information is not guaranteed and is subject to change without notice.",,50%,50%,,,https://www.elementvape.com/tobacco-black-glas-salts
BLACK TOBACCO - BSX SERIES - 60ML,FIND BRAND,BLACK TOBACCO - BSX SERIES - 60ML,$11.99,"Shop Tobacco Black by Glas Vapor, combining a dark but mild tobacco with fully developed flavors that is reminiscent of richly flavored pipe tobacco.
Black Tobacco - Glas Vapor - 60mL Features:
• Bottle Capacity: 60mL
• PG: 30%
• VG: 70%
• Formulation: Freebase E-Liquid
• Available Nicotine: 0mg, 3mg, 6mg
WARNINGS:
CALIFORNIA PROPOSITION 65 - Warning: This product contains nicotine, a chemical known to the state of California to cause birth defects or other reproductive harm. 
Element Vape provides Product Information that includes, but is not limited to, technical specifications, recommendations, and other materials for Customer’s convenience in Customer’s selection of Products. The accuracy or completeness of Product Information is not guaranteed and is subject to change without notice.",,70%,30%,,,https://www.elementvape.com/tobacco-black-glas
BROWN TOBACCO - BSX SERIES - 60ML,FIND BRAND,BROWN TOBACCO - BSX SERIES - 60ML,$11.99,"Discover Tobacco Brown by Glas Vapor, offering a medium bodied tobacco blend that is true to taste and will satisfy even the most pickiest vapers.
Brown Tobacco - Glas Vapor - 60mL Features:
• Bottle Capacity: 60mL
• PG: 30%
• VG: 70%
• Formulation: Freebase E-Liquid
• Available Nicotine: 0mg, 3mg, 6mg
WARNINGS:
CALIFORNIA PROPOSITION 65 - Warning: This product contains nicotine, a chemical known to the state of California to cause birth defects or other reproductive harm. 
Element Vape provides Product Information that includes, but is not limited to, technical specifications, recommendations, and other materials for Customer’s convenience in Customer’s selection of Products. The accuracy or completeness of Product Information is not guaranteed and is subject to change without notice.",,70%,30%,,,https://www.elementvape.com/tobacco-brown-glas
BLUE TOBACCO - BSX SERIES - 60ML,FIND BRAND,BLUE TOBACCO - BSX SERIES - 60ML,$11.99,"Discover Tobacco Blue by Glas Vapor, capturing the flavor of rich pipe tobacco with a well-rounded medium body that will delight true tobacco aficionados.
Blue Tobacco - Glas Vapor - 60mL Features:
• Bottle Capacity: 60mL
• PG: 30%
• VG: 70%
• Formulation: Freebase E-Liquid
• Available Nicotine: 0mg, 3mg, 6mg
WARNINGS:
CALIFORNIA PROPOSITION 65 - Warning: This product contains nicotine, a chemical known to the state of California to cause birth defects or other reproductive harm. 
Element Vape provides Product Information that includes, but is not limited to, technical specifications, recommendations, and other materials for Customer’s convenience in Customer’s selection of Products. The accuracy or completeness of Product Information is not guaranteed and is subject to change without notice.",,70%,30%,,,https://www.elementvape.com/tobacco-blue-glas
APPLE BOURBON TOBACCO - JUS E-LIQUID - 60ML,FIND BRAND,APPLE BOURBON TOBACCO - JUS E-LIQUID - 60ML,$11.99,"Crack open Apple Bourbon Tobacco by Jus E-Liquid, capturing the essence of apple cured tobacco aged in Bourbon barrels, delighting tobacco lovers.
Apple Bourbon Tobacco - JUS E-Liquid - 60mL Features:
• Bottle Capacity: 60mL
• PG: 30%
• VG: 70%
• Formulation: Freebase E-Liquid
• Available Nicotine: 0mg, 3mg, 6mg
WARNINGS:
CALIFORNIA PROPOSITION 65 - Warning: This product contains nicotine, a chemical known to the state of California to cause birth defects or other reproductive harm. ",,70%,30%,,,https://www.elementvape.com/apple-bourbon-tobacco-jus
SUNSET HARVEST TOBACCO - BANTAM SALTS - 30ML,FIND BRAND,SUNSET HARVEST TOBACCO - BANTAM SALTS - 30ML,$10.99,"Try the Sunset Harvest Tobacco by Bantam Salts, featuring a synthetic nicotine salt mix of sun-cured American tobacco with vanilla & a toasted finish. 
Sunset Harvest Tobacco - Bantam SALTS Features:
• Capacity: 30mL
• PG: 50%
• VG: 50%
• Fomulation: Synthetic Nicotine Salts
• Child Resistant Cap
• Made in USA
CALIFORNIA PROPOSITION 65 - Warning: This product contains nicotine, a chemical known to the state of California to cause birth defects or other reproductive harm.",,50%,50%,,,https://www.elementvape.com/sunset-harvest-tobacco-bantam-salts
GOLDEN RESERVE TOBACCO - BANTAM SALTS - 30ML,FIND BRAND,GOLDEN RESERVE TOBACCO - BANTAM SALTS - 30ML,$10.99,"Try the Golden Reserve Tobacco by Bantam Salts, featuring a synthetic nicotine salt blend of flue-curated tobacco that creates a nutty & smoky bold flavor.Ω
Golden Reserve Tobacco - Bantam SALTS - 30mL Features:
• Capacity: 30mL
• PG: 50%
• VG: 50%
• Fomulation: Synthetic Nicotine Salts
• Child Resistant Cap
• Made in USA
CALIFORNIA PROPOSITION 65 - Warning: This product contains nicotine, a chemical known to the state of California to cause birth defects or other reproductive harm.",,50%,50%,,,https://www.elementvape.com/golden-reserve-tobacco-bantam-salts
ARCTIC MENTHOL - BANTAM SALTS - 30ML,FIND BRAND,ARCTIC MENTHOL - BANTAM SALTS - 30ML,$10.99,"Enjoy the Arctic Menthol by Bantam Vape, featuring a synthetic nicotine salt formulation of refreshing spearmint and cooling peppermint infused tobacco.
Arctic Menthol - Bantam SALTS - 30mL Features:
• Capacity: 30mL
• PG: 50%
• VG: 50%
• Fomulation: Synthetic Nicotine Salts
• Child Resistant Cap
• Made in USA
CALIFORNIA PROPOSITION 65 - Warning: This product contains nicotine, a chemical known to the state of California to cause birth defects or other reproductive harm.",,50%,50%,,,https://www.elementvape.com/arctic-menthol-bantam-salts
SUNSET HARVEST TOBACCO - BANTAM VAPE - 100ML,BANTAM VAPE,SUNSET HARVEST TOBACCO - BANTAM VAPE - 100ML,$11.99,"Enjoy the Sunset Harvest Tobacco by Bantam Vape, featuring a synthetic nicotine blend of sun-cured American tobacco with creamy vanilla & a toasted finish.
Sunset Harvest Tobacco - Bantam Vape Features:
• Capacity: 100mL
• PG: 30%
• VG: 70%
• Fomulation: Synthetic Nicotine
• Child Resistant Cap
• Made in USA
CALIFORNIA PROPOSITION 65 - Warning: This product contains nicotine, a chemical known to the state of California to cause birth defects or other reproductive harm.",,70%,30%,,,https://www.elementvape.com/summer-harvest-tobacco-bantam
GOLDEN RESERVE TOBACCO - BANTAM VAPE - 100ML,BANTAM VAPE,GOLDEN RESERVE TOBACCO - BANTAM VAPE - 100ML,$11.99,"Try the Golden Reserve Tobacco by Bantam Vape, featuring a synthetic nicotine blend of flue-curated tobacco that creates a nutty and smoky bold flavor.
Golden Reserve Tobacco - Bantam Vape - 100mL Features:
• Capacity: 100mL
• PG: 30
• VG: 70
• Fomulation: Synthetic Nicotine
• Child Resistant Cap
• Made in USA
CALIFORNIA PROPOSITION 65 - Warning: This product contains nicotine, a chemical known to the state of California to cause birth defects or other reproductive harm.",,70,30,,,https://www.elementvape.com/golden-reserve-tobacco-bantam
ARCTIC MENTHOL - BANTAM VAPE - 100ML,BANTAM VAPE,ARCTIC MENTHOL - BANTAM VAPE - 100ML,$11.99,"Enjoy the Arctic Menthol by Bantam Vape, featuring a synthetic nicotine formulation of refreshing spearmint and cooling peppermint infused tobacco.
Arctic Menthol - Bantam Vape - 100mL Features:
• Capacity: 100mL
• PG: 30%
• VG: 70%
• Fomulation: Synthetic Nicotine
• Child Resistant Cap
• Made in USA
CALIFORNIA PROPOSITION 65 - Warning: This product contains nicotine, a chemical known to the state of California to cause birth defects or other reproductive harm.",,70%,30%,,,https://www.elementvape.com/arctic-menthol-bantam
DULCE DE TOBACCO - RUTHLESS VAPORS - 100ML,RUTHLESS,DULCE DE TOBACCO - RUTHLESS VAPORS - 100ML,$13.99,"Entice the taste buds with Dulce de Tobacco by Ruthless Vapors, taking a sweet milk base enhanced with caramel and smooth tobacco to mesmerize the tongue.
Ruthless Vapors - Dulce de Tobacco Features:
Capacity: 100mL
PG: 30%
VG: 70%
Nicotine Formulation
Child Resistant Cap
Made in USA
Available Nicotine: 0mg, 3mg, 6mg
CALIFORNIA PROPOSITION 65 - Warning: This product contains nicotine, a chemical known to the state of California to cause birth defects or other reproductive harm.",,70%,30%,,,https://www.elementvape.com/dulce-de-tobacco-ruthless
COFFEE TOBACCO - RUTHLESS VAPORS - 100ML,RUTHLESS,COFFEE TOBACCO - RUTHLESS VAPORS - 100ML,$13.99,"Shop Coffee Tobacco by Ruthless Vapors, capturing the delectable taste of cured tobacco with a robust coffee finish that will tantalize the taste buds.
Ruthless Vapors - Coffee Tobacco Features:
Capacity: 100mL
PG: 30%
VG: 70%
Nicotine Formulation
Child Resistant Cap
Made in USA
Available Nicotine: 0mg, 3mg, 6mg
CALIFORNIA PROPOSITION 65 - Warning: This product contains nicotine, a chemical known to the state of California to cause birth defects or other reproductive harm.",,70%,30%,,,https://www.elementvape.com/coffee-tobacco-ruthless
7OBACCO - 7 DAZE SALT - 30ML,7 DAZE,7OBACCO - 7 DAZE SALT - 30ML,$10.99,"Discover 7obacco by 7 Daze Salt, mixing together notes of robust vanilla, sweet butterscotch, and rich tobacco in a delicious synthetic nicotine salt.

Warning: This product is not meant for use in devices that reach sub-ohm resistance. We recommend this liquid to be used in pod-based, closed systems devices, and ultra low-output atomizers/mods. Every salt-based nicotine e-juice contains significantly higher levels of nicotine per milliliter, optimal for beginners or experienced vapers looking for a travel-friendly experience.
7obacco - 7 Daze Salt Features:
30mL Chubby Unicorn Bottle
Child Resistant Cap
50% VG
50% PG
Synthetic Nicotine Salt Formulation
Made in USA
Available in 30mg, 50mg
CALIFORNIA PROPOSITION 65 - Warning: This product contains nicotine, a chemical known to the state of California to cause birth defects or other reproductive harm.",,,,,,https://www.elementvape.com/7obacco-7-daze-salts
7OBACCO - 7 DAZE E-LIQUID - 100ML,7 DAZE,7OBACCO - 7 DAZE E-LIQUID - 100ML,$13.99,"Check out 7obacco by 7 Daze E-Liquid, blending together notes of butterscotch, caramel, and robust vanilla that will delight the taste buds.
7obacco - 7 Daze E-Liquid Features:
100mL Chubby Unicorn Bottle
Child Resistant Cap
70% VG
30% PG
Made in USA
Available in 0mg, 3mg, 6mg
CALIFORNIA PROPOSITION 65 - Warning: This product contains nicotine, a chemical known to the state of California to cause birth defects or other reproductive harm.",,,,,,https://www.elementvape.com/7obacco-7-daze
ESQUIRE - ELYSIAN SALTS - 60ML,FIND BRAND,ESQUIRE - ELYSIAN SALTS - 60ML,$17.99,"Shop Esquire by Elysian Salts, taking a synthetic nicotine mix of robust tobacco enhanced with banana, vanilla, and hazelnut to delight the taste buds.

Warning: This product is not meant for use in devices that reach sub-ohm resistance. We recommend this liquid to be used in pod-based, closed systems devices, and ultra low-output atomizers/mods. Every salt-based nicotine e-juice contains significantly higher levels of nicotine per milliliter, optimal for beginners or experienced vapers looking for a travel-friendly experience.
Elysian Salts - Esquire Features:
2 x 30mL Unicorn Bottle
Child Resistant Cap
50% VG
50% PG
Synthetic Nicotine Salt Formulation
Made in USA
Available in 12mg, 24mg, 48mg
CALIFORNIA PROPOSITION 65 - Warning: This product contains nicotine, a chemical known to the state of California to cause birth defects or other reproductive harm.",,,,,,https://www.elementvape.com/esquire-elysian-salts
ESQUIRE - ELYSIAN LABS - 120ML,ELYSIAN LABS,ESQUIRE - ELYSIAN LABS - 120ML,$17.99,"Discover Esquire by Elysian Labs, a synthetic nicotine mix of sweet tobacco accented with ripe bananas, nutty hazelnut, and a splash of rich vanilla. 
Elysian Labs - Esquire Features:
2 x 60mL Unicorn Bottle
Child Resistant Cap
70% VG
30% PG
Synthetic Nicotine Formulation
Made in USA
Available in 0mg, 3mg, 6mg
CALIFORNIA PROPOSITION 65 - Warning: This product contains nicotine, a chemical known to the state of California to cause birth defects or other reproductive harm.",,,,,,https://www.elementvape.com/esquire-elysian
BACCO - KEEP IT 100 - 100ML,KEEP IT 100,BACCO - KEEP IT 100 - 100ML,$13.99,"Shop Bacco by Keep It 100, a synthetic nicotine blend featuring sophisticated notes of rich and robust tobacco that is sure to delight those with a finer palate.
Bacco - Keep It 100 Features:
100mL Chubby Unicorn Bottle
Child Resistant Cap
70% VG
30% PG
Synthetic Nicotine Formulation
Made in USA
Available in 3mg, 6mg
CALIFORNIA PROPOSITION 65 - Warning: This product contains nicotine, a chemical known to the state of California to cause birth defects or other reproductive harm.",,,,,,https://www.elementvape.com/bacco-keep-it-100
TOBACCO SILVER NO. 1 - TWIST E-LIQUID - 120ML,TWIST E-LIQUID,TOBACCO SILVER NO. 1 - TWIST E-LIQUID - 120ML,$21.99,"Shop Tobacco Silver No. 1 by Twist E-Liquid, capturing the light flavor of sundried American tobacco leaves that unlock a rich earthy flavor for enjoyment.
Twist E-Liquid - Tobacco Silver No. 1 Features:
2 x 60mL Unicorn Bottle
Child Resistant Cap
70% VG
30% PG
Made in USA
Available in 0mg, 3mg, 6mg
CALIFORNIA PROPOSITION 65 - Warning: This product contains nicotine, a chemical known to the state of California to cause birth defects or other reproductive harm.",,,,,,https://www.elementvape.com/tobacco-silver-no-1-twist
TOBACCO PLATINUM NO. 1 - TWIST E-LIQUID - 120ML,TWIST E-LIQUID,TOBACCO PLATINUM NO. 1 - TWIST E-LIQUID - 120ML,$21.99,"Check out Tobacco Platinum No. 1 by Twist E-Liquid, a full-bodied tobacco blend with earthy robust notes that will tantalize and delight the palate.
Twist E-Liquid - Tobacco Platinum No. 1 Features:
2 x 60mL Unicorn Bottle
Child Resistant Cap
70% VG
30% PG
Made in USA
Available in 0mg, 3mg, 6mg
CALIFORNIA PROPOSITION 65 - Warning: This product contains nicotine, a chemical known to the state of California to cause birth defects or other reproductive harm.",,,,,,https://www.elementvape.com/tobacco-platinum-no-1-twist
TOBACCO GOLD NO. 1 - TWIST E-LIQUID - 120ML,TWIST E-LIQUID,TOBACCO GOLD NO. 1 - TWIST E-LIQUID - 120ML,$21.99,"Discover Tobacco Gold No. 1 by Twist E-Liquid, taking American tobacco leaves for a complex medium-bodied flavor that will delight the taste buds.
Twist E-Liquid - Tobacco Gold No. 1 Features:
2 x 60mL Unicorn Bottle
Child Resistant Cap
70% VG
30% PG
Made in USA
Available in 0mg, 3mg, 6mg
CALIFORNIA PROPOSITION 65 - Warning: This product contains nicotine, a chemical known to the state of California to cause birth defects or other reproductive harm.",,,,,,https://www.elementvape.com/tobacco-gold-no-1-twist-e-liquid
TOBACCO SALT - THE GRAHAM - MAMASAN E-LIQUID - 30ML,FIND BRAND,TOBACCO SALT - THE GRAHAM - MAMASAN E-LIQUID - 30ML,$10.99,"Check out Tobacco SALT - The Graham by The Mamasan E-Liquid, a nicotine salt blend of sweet graham cracker and robust earthy tobacco.

Warning: This product is not meant for use in devices that reach sub-ohm resistance. We recommend this liquid to be used in vape pod system and ultra low-output atomizers/mods. Every nicotine salts e-juice contains significantly higher levels of nicotine per milliliter, optimal for beginners or experienced vapers looking for a travel-friendly experience.
Mamasan E-Liquid - The Graham - Tobacco SALT Features:
30mL Unicorn Bottle
Child Resistant Cap
50% PG
50% VG
Nicotine Salts Formulation
Crafted For Ultra-Low Wattage & Pod-Based System
Made in USA
Available in 30mg, 50mg
CALIFORNIA PROPOSITION 65 - Warning: This product contains nicotine, a chemical known to the state of California to cause birth defects or other reproductive harm.",,,,,,https://www.elementvape.com/tobacco-graham-mamasan-salt
TOBACCO GOLD NO. 1 - TWIST SALT E-LIQUID - 60ML,FIND BRAND,TOBACCO GOLD NO. 1 - TWIST SALT E-LIQUID - 60ML,$19.99,"Try out Tobacco Gold No. 1 by Twist SALT E-Liquid, featuring a robust mild blend of tobacco in nicotine salt taste with full bodied flavor.

Warning: This product is not meant for use in devices that reach sub-ohm resistance. We recommend this liquid to be used in vape pod system and ultra low-output atomizers/mods. Every nicotine salts e-juice contains significantly higher levels of nicotine per milliliter, optimal for beginners or experienced vapers looking for a travel-friendly experience.
Twist SALT E-Liquid - Tobacco Gold No. 1 Features:
2 x 30mL Unicorn Bottle
Child Resistant Cap
50% PG
50% VG
Nicotine Salts Formulation
Crafted For Ultra-Low Wattage & Pod-Based System
Made in USA
Available nicotine: 35mg, 50mg
CALIFORNIA PROPOSITION 65 - Warning: This product contains nicotine, a chemical known to the state of California to cause birth defects or other reproductive harm.",,,,,,https://www.elementvape.com/tobacco-gold-no-1-twist
WILD FIRE - PROPAGANDA SALTS E-LIQUID - 30ML,FIND BRAND,WILD FIRE - PROPAGANDA SALTS E-LIQUID - 30ML,$10.99,"Check out Wildfire by Propaganda SALTS, a nicotine salt blend augmenting sweet tobacco with notes of almonds, chocolate, and baked cookies.

Warning: This product is not meant for use in devices that reach sub-ohm resistance. We recommend this liquid to be used in vape pod system and ultra low-output atomizers/mods. Every nicotine salts e-juice contains significantly higher levels of nicotine per milliliter, optimal for beginners or experienced vapers looking for a travel-friendly experience.
Propaganda SALTS E-Liquid - Wildfire Features:
30mL Unicorn Bottle
Child Resistant Cap
50% PG
50% VG
Synthetic Nicotine Salts Formulation
Crafted For Ultra-Low Wattage & Pod-Based System
Made in USA
Available in 35mg, 50mg
CALIFORNIA PROPOSITION 65 - Warning: This product contains nicotine, a chemical known to the state of California to cause birth defects or other reproductive harm.",,,,,,https://www.elementvape.com/wildfire-propaganda-salts
TNT TOBACCO MENTHOL SALTS - INNEVAPE E-LIQUIDS - 30ML,INNEVAPE,TNT TOBACCO MENTHOL SALTS - INNEVAPE E-LIQUIDS - 30ML,$10.99,"Check out TNT Menthol SALTS by Innevape E-Liquids, taking blonde Virginia tobacco leaves steeped into a nicotine salt and menthol infusion.
Innevape E-Liquids - TNT Menthol SALTS Features:
30mL Chubby Unicorn Bottle
Child Resistant Cap
50% PG
50% VG
Nicotine Salts Formulation
Crafted For Ultra-Low Wattage & Pod-Based System
Made in USA
Available in 24mg, 50mg
CALIFORNIA PROPOSITION 65 - Warning: This product contains nicotine, a chemical known to the state of California to cause birth defects or other reproductive harm.",,,,,,https://www.elementvape.com/tnt-menthol-salts-innevape
TNT TOBACCO MENTHOL - INNEVAPE E-LIQUIDS - 100ML,INNEVAPE,TNT TOBACCO MENTHOL - INNEVAPE E-LIQUIDS - 100ML,$13.99,"Shop TNT Menthol by Innevape E-Liquids, capturing frigid notes of cured Virginia Tobacco leaves enhanced with chilled menthol to revive the senses.
Innevape E-Liquids - TNT Menthol Features:
75mL Unicorn Bottle
Child Resistant Cap
70% VG
30% PG
Made in USA
Available in 0mg, 3mg, 6mg
CALIFORNIA PROPOSITION 65 - Warning: This product contains nicotine, a chemical known to the state of California to cause birth defects or other reproductive harm.",,,,,,https://www.elementvape.com/tnt-menthol-innevape
TNT TOBACCO SALTS - INNEVAPE E-LIQUIDS - 30ML,INNEVAPE,TNT TOBACCO SALTS - INNEVAPE E-LIQUIDS - 30ML,$10.99,"Discover TNT Tobacco SALTS by Innevape E-Liquids, taking blond Virginia cured tobacco leaves steeped in nicotine salt with a touch of maple sweetness.
Innevape E-Liquids - TNT Tobacco SALTS Features:
30mL Chubby Unicorn Bottle
Child Resistant Cap
60% PG
40% VG
Nicotine Salts Formulation
Crafted For Ultra-Low Wattage & Pod-Based System
Made in USA
Available in 24mg, 50mg
CALIFORNIA PROPOSITION 65 - Warning: This product contains nicotine, a chemical known to the state of California to cause birth defects or other reproductive harm.",,,,,,https://www.elementvape.com/tnt-salts-innevape
TNT TOBACCO - INNEVAPE E-LIQUIDS - 100ML,INNEVAPE,TNT TOBACCO - INNEVAPE E-LIQUIDS - 100ML,$13.99,"Check out TNT Tobacco by Innevape E-Liquids, a rich blonde Virginia cured tobacco based blend enhanced with a splash of thick maple syrup sweetness.
Innevape E-Liquids - TNT Tobacco Features:
100mL Unicorn Bottle
Child Resistant Cap
70% VG
30% PG
Made in USA
Available in 0mg, 3mg, 6mg
CALIFORNIA PROPOSITION 65 - Warning: This product contains nicotine, a chemical known to the state of California to cause birth defects or other reproductive harm.",,,,,,https://www.elementvape.com/tnt-innevape
TURKISH TOBACCO - FOUR SEASONS - 60ML,FOUR SEASONS,TURKISH TOBACCO - FOUR SEASONS - 60ML,$11.99,"Shop Turkish Tobacco by Four Seasons, blending together pointed notes of rich tobacco that will uplift the senses.
Four Seasons - Turkish Tobacco Features:
60mL Chubby Unicorn Bottle
Child Resistant Cap
50% VG
50% PG
Made in USA
Available in 3mg, 6mg, 12mg, 18mg
CALIFORNIA PROPOSITION 65 - Warning: This product contains nicotine, a chemical known to the state of California to cause birth defects or other reproductive harm.",,,,,,https://www.elementvape.com/turkish-tobacco-four-seasons
DESERT TOBACCO - FOUR SEASONS - 60ML,FOUR SEASONS,DESERT TOBACCO - FOUR SEASONS - 60ML,$11.99,"Taste the difference with Desert Tobacco by Four Seasons, bottling a deep rich earthy tobacco flavor for enjoyment.
Four Seasons - Desert Tobacco Features:
60mL Chubby Unicorn Bottle
Child Resistant Cap
50% VG
50% PG
Made in USA
Available in 3mg, 6mg, 12mg, 18mg
CALIFORNIA PROPOSITION 65 - Warning: This product contains nicotine, a chemical known to the state of California to cause birth defects or other reproductive harm.",,,,,,https://www.elementvape.com/desert-tobacco-four-seasons
MENTHOL TOBACCO - FOUR SEASONS - 60ML,FOUR SEASONS,MENTHOL TOBACCO - FOUR SEASONS - 60ML,$11.99,"Shop Menthol Tobacco by Four Seasons, embracing decadently rich tobacco accented with a refreshingly uplifting chill.
Four Seasons - Menthol Tobacco Features:
60mL Chubby Unicorn Bottle
Child Resistant Cap
50% VG
50% PG
Made in USA
Available in 3mg, 6mg, 12mg, 18mg
CALIFORNIA PROPOSITION 65 - Warning: This product contains nicotine, a chemical known to the state of California to cause birth defects or other reproductive harm.",,,,,,https://www.elementvape.com/menthol-tobacco-four-seasons
AMERICAN TOBACCO - FOUR SEASONS - 60ML,FOUR SEASONS,AMERICAN TOBACCO - FOUR SEASONS - 60ML,$11.99,"Relax with American Tobacco by Four Seasons, capturing a robust tobacco flavor that will bomb the palate with flavor and depth.
Four Seasons - American Tobacco Features:
60mL Chubby Unicorn Bottle
Child Resistant Cap
50% VG
50% PG
Made in USA
Available in 3mg, 6mg, 12mg, 18mg
CALIFORNIA PROPOSITION 65 - Warning: This product contains nicotine, a chemical known to the state of California to cause birth defects or other reproductive harm.",,,,,,https://www.elementvape.com/american-tobacco-four-seasons
RY4 TOBACCO - FOUR SEASONS - 60ML,FOUR SEASONS,RY4 TOBACCO - FOUR SEASONS - 60ML,$11.99,"Check out RY4 Tobacco by Four Seasons, featuring a smooth, warm tobacco blend.
Four Seasons - RY4 Tobacco Features:
Two 30mL Chubby Unicorn Bottle
Child Resistant Cap
50% VG
50% PG
Made in USA
Available in 3mg, 6mg, 12mg, 18mg
CALIFORNIA PROPOSITION 65 - Warning: This product contains nicotine, a chemical known to the state of California to cause birth defects or other reproductive harm.",,,,,,https://www.elementvape.com/ry4-tobacco-four-seasons
TURKISH TOBACCO SALT - FOUR SEASONS - 30ML,FOUR SEASONS,TURKISH TOBACCO SALT - FOUR SEASONS - 30ML,$10.99,"Shop Turkish Tobacco SALT by Four Seasons, capturing a delicious tobacco flavor that will arouse the senses in nic salt form.
Four Seasons - Turkish Tobacco SALT Features:
30mL Chubby Unicorn Bottle
Child Resistant Cap
50% VG
50% PG
Nicotine Salts Formulation
Crafted For Ultra-Low Wattage & Pod-Based System
Made in USA
Available in 30mg, 50mg
CALIFORNIA PROPOSITION 65 - Warning: This product contains nicotine, a chemical known to the state of California to cause birth defects or other reproductive harm.",,,,,,https://www.elementvape.com/turkish-tobacco-salt-four-seasons
DESERT TOBACCO SALT - FOUR SEASONS - 30ML,FOUR SEASONS,DESERT TOBACCO SALT - FOUR SEASONS - 30ML,$10.99,"Taste Desert Tobacco by Four Seasons, a robust mix of tobacco that will entice the senses in nicotine salt form.
Four Seasons - Desert Tobacco SALT Features:
30mL Chubby Unicorn Bottle
Child Resistant Cap
50% VG
50% PG
Nicotine Salts Formulation
Crafted For Ultra-Low Wattage & Pod-Based System
Made in USA
Available in 30mg, 50mg
CALIFORNIA PROPOSITION 65 - Warning: This product contains nicotine, a chemical known to the state of California to cause birth defects or other reproductive harm.",,,,,,https://www.elementvape.com/desert-tobacco-salt-four-seasons
MENTHOL TOBACCO SALT - FOUR SEASONS - 30ML,FOUR SEASONS,MENTHOL TOBACCO SALT - FOUR SEASONS - 30ML,$10.99,"Shop Menthol Tobacco SALT by Four Seasons, a chilled blend of sweet rich tobacco and refreshing menthol in nicotine salt.
Four Seasons - Menthol Tobacco SALT Features:
30mL Chubby Unicorn Bottle
Child Resistant Cap
50% VG
50% PG
Nicotine Salts Formulation
Crafted For Ultra-Low Wattage & Pod-Based System
Made in USA
Available in 30mg, 50mg
CALIFORNIA PROPOSITION 65 - Warning: This product contains nicotine, a chemical known to the state of California to cause birth defects or other reproductive harm.",,,,,,https://www.elementvape.com/menthol-tobacco-salt-four-seasons
AMERICAN TOBACCO SALT - FOUR SEASONS - 30ML,FOUR SEASONS,AMERICAN TOBACCO SALT - FOUR SEASONS - 30ML,$10.99,"Discover American Tobacco by Four Seasons, a rendition of robust tobacco incorporating a deep rich nicotine salt tobacco flavor.
Four Seasons - American Tobacco SALT Features:
30mL Chubby Unicorn Bottle
Child Resistant Cap
50% VG
50% PG
Nicotine Salts Formulation
Crafted For Ultra-Low Wattage & Pod-Based System
Made in USA
Available in 30mg, 50mg
CALIFORNIA PROPOSITION 65 - Warning: This product contains nicotine, a chemical known to the state of California to cause birth defects or other reproductive harm.",,,,,,https://www.elementvape.com/american-tobacco-salt-four-seasons
RY4 TOBACCO SALT - FOUR SEASONS - 30ML,FOUR SEASONS,RY4 TOBACCO SALT - FOUR SEASONS - 30ML,$10.99,"Check out RY4 Tobacco SALT by Four Seasons, a smooth, sweet blend of warm tobacco that will tantalize the taste buds.
Four Seasons - RY4 Tobacco SALT Features:
30mL Chubby Unicorn Bottle
Child Resistant Cap
50% VG
50% PG
Nicotine Salts Formulation
Crafted For Ultra-Low Wattage & Pod-Based System
Made in USA
Available in 30mg, 50mg
CALIFORNIA PROPOSITION 65 - Warning: This product contains nicotine, a chemical known to the state of California to cause birth defects or other reproductive harm.",,,,,,https://www.elementvape.com/ry4-tobacco-salt-four-seasons
CUSTARD TOBACCO - AIR FACTORY SALTS - 30ML,AIR FACTORY,CUSTARD TOBACCO - AIR FACTORY SALTS - 30ML,$10.99,"Discover Custard Tobacco by Air Factory SALTS, capturing the flavor of sweet cream custard and robust tobacco notes for a desirable nicotine salt blend.

Warning: This product is not meant for use in devices that reach sub-ohm resistance. We recommend this liquid to be used in vape pod system and ultra low-output atomizers/mods. Every nicotine salts e-juice contains significantly higher levels of nicotine per milliliter, optimal for beginners or experienced vapers looking for a travel-friendly experience.
Air Factory SALTS - Custard Tobacco Features:
30mL Chubby Unicorn Bottle
Child Resistant Cap
50% VG
50% PG
Made in USA
Nicotine Salts Formulation
Crafted For Ultra-Low Wattage & Pod-Based System
Available in 18mg, 36mg
CALIFORNIA PROPOSITION 65 - Warning: This product contains nicotine, a chemical known to the state of California to cause birth defects or other reproductive harm.",,,,,,https://www.elementvape.com/custard-tobacco-air-factory-salts
CUSTARD TOBACCO - AIR FACTORY E-LIQUID - 60ML,AIR FACTORY,CUSTARD TOBACCO - AIR FACTORY E-LIQUID - 60ML,$11.99,"Check out Custard Tobacco by Air Factory E-Liquid, a delightful blend of sweet creamy custard and rich robust tobacco that will tantalize the senses.
Air Factory E-Liquid - Custard Tobacco Features:
60mL Chubby Unicorn Bottle
Child Resistant Cap
70% VG
30% PG
Made in USA
Available in 0mg, 3mg, 6mg
CALIFORNIA PROPOSITION 65 - Warning: This product contains nicotine, a chemical known to the state of California to cause birth defects or other reproductive harm.",,,,,,https://www.elementvape.com/custard-tobacco-air-factory
TOBACCO - AIR FACTORY E-LIQUID - 60ML,AIR FACTORY,TOBACCO - AIR FACTORY E-LIQUID - 60ML,$11.99,"Shop Tobacco by Air Factory E-Liquid, capturing smooth robust tobacco notes for a delicious and spot-on vape juice that is sure to please tobacco lovers.
Air Factory E-Liquid - Tobacco Features:
60mL Chubby Unicorn Bottle
Child Resistant Cap
70% VG
30% PG
Made in USA
Available in 0mg, 3mg, 6mg
CALIFORNIA PROPOSITION 65 - Warning: This product contains nicotine, a chemical known to the state of California to cause birth defects or other reproductive harm.",,,,,,https://www.elementvape.com/tobacco-air-factory
BUSINESS - ELYSIAN SALTS - 60ML,FIND BRAND,BUSINESS - ELYSIAN SALTS - 60ML,$17.99,"Shop Business by Elysian SALTS, highlighting a full bodied tobacco flavor with notes of rich and robustness for a truly delectable nic salt vape juice.

Warning: This product is not meant for use in devices that reach sub-ohm resistance. We recommend this liquid to be used in vape pod system and ultra low-output atomizers/mods. Every nicotine salts e-juice contains significantly higher levels of nicotine per milliliter, optimal for beginners or experienced vapers looking for a travel-friendly experience.
Elysian SALTS - Business Features:
2 x 30mL Chubby Unicorn Bottle
Child Resistant Cap
50% VG
50% PG
Synthetic Nicotine Salts Formulation
Crafted For Ultra-Low Wattage & Pod-Based System
Made in USA
Available in 12mg, 24mg, 48mg
CALIFORNIA PROPOSITION 65 - Warning: This product contains nicotine, a chemical known to the state of California to cause birth defects or other reproductive harm.",,,,,,https://www.elementvape.com/business-elysian-salts
GENTLEMAN - ELYSIAN SALTS - 60ML,FIND BRAND,GENTLEMAN - ELYSIAN SALTS - 60ML,$17.99,"Dive into Gentleman by Elysian SALTS, featuring smooth robust tobacco notes followed by an overtone sweetness for a delicious nicotine salt blend.

Warning: This product is not meant for use in devices that reach sub-ohm resistance. We recommend this liquid to be used in vape pod system and ultra low-output atomizers/mods. Every nicotine salts e-juice contains significantly higher levels of nicotine per milliliter, optimal for beginners or experienced vapers looking for a travel-friendly experience.
Elysian SALTS - Gentleman Features:
2 x 30mL Chubby Unicorn Bottle
Child Resistant Cap
50% VG
50% PG
Synthetic Nicotine Salts Formulation
Crafted For Ultra-Low Wattage & Pod-Based System
Made in USA
Available in 12mg, 24mg, 48mg
CALIFORNIA PROPOSITION 65 - Warning: This product contains nicotine, a chemical known to the state of California to cause birth defects or other reproductive harm.",,,,,,https://www.elementvape.com/gentleman-elysian-salts
BUSINESS - ELYSIAN LABS - 120ML,ELYSIAN LABS,BUSINESS - ELYSIAN LABS - 120ML,$17.99,"Try out Business by Elysian Labs, featuring smooth flue-cured tobacco with a rich and robust undertone for a vividly robust vape juice.
Elysian Labs - Business Features:
2 x 60mL Chubby Unicorn Bottle
Child Resistant Cap
70% VG
30% PG
Synthetic Nicotine Formulation
Made in USA
Available in 0mg, 3mg, 6mg, 12mg
CALIFORNIA PROPOSITION 65 - Warning: This product contains nicotine, a chemical known to the state of California to cause birth defects or other reproductive harm.",,,,,,https://www.elementvape.com/business-elysian-labs
GENTLEMAN - ELYSIAN LABS - 120ML,ELYSIAN LABS,GENTLEMAN - ELYSIAN LABS - 120ML,$17.99,"Shop Gentleman by Elysian Labs, featuring a robust blend of sun-cured tobacco touched with a splash of sweetness, for a decadent yet smooth flavor.
Elysian Labs - Gentleman Features:
2 x 60mL Chubby Unicorn Bottle
Child Resistant Cap
70% VG
30% PG
Synthetic Nicotine Formulation
Made in USA
Available in 0mg, 3mg, 6mg, 12mg
CALIFORNIA PROPOSITION 65 - Warning: This product contains nicotine, a chemical known to the state of California to cause birth defects or other reproductive harm.",,,,,,https://www.elementvape.com/gentleman-elysian-labs
TOASTED TOBACCO SALTS - BANTAM VAPE - 30ML,BANTAM VAPE,TOASTED TOBACCO SALTS - BANTAM VAPE - 30ML,$10.99,"Indulge in Toasted Tobacco SALTS by Bantam Vape, a delicious blend of robust American tobacco enhanced with a splash of sweet vanilla and toasted almonds.

Warning: This product is not meant for use in devices that reach sub-ohm resistance. We recommend this liquid to be used in vape pod system and ultra low-output atomizers/mods. Every nicotine salts e-juice contains significantly higher levels of nicotine per milliliter, optimal for beginners or experienced vapers looking for a travel-friendly experience.
Toasted Tobacco SALTS - Bantam Vape Features:
30mL Unicorn Bottle
Child Resistant Cap
50% VG
50% PG
Made in USA
Nicotine Salts Formulation
Crafted For Ultra-Low Wattage & Pod-Based System
Available in 18mg, 36mg
CALIFORNIA PROPOSITION 65 - Warning: This product contains nicotine, a chemical known to the state of California to cause birth defects or other reproductive harm.",,,,,,https://www.elementvape.com/toasted-tobacco-salts-bantam-vape
TOBACCO SALTS - BANTAM VAPE - 30ML,BANTAM VAPE,TOBACCO SALTS - BANTAM VAPE - 30ML,$10.99,"Try out Tobacco SALTS by Bantam Vape, featuring notes of robust tobacco and nicotine salts touched with a hint of nuttiness that will satisfy tobacco lovers.

Warning: This product is not meant for use in devices that reach sub-ohm resistance. We recommend this liquid to be used in vape pod system and ultra low-output atomizers/mods. Every nicotine salts e-juice contains significantly higher levels of nicotine per milliliter, optimal for beginners or experienced vapers looking for a travel-friendly experience.
Tobacco SALTS - Bantam Vape Features:
30mL Unicorn Bottle
Child Resistant Cap
50% VG
50% PG
Made in USA
Nicotine Salts Formulation
Crafted For Ultra-Low Wattage & Pod-Based System
Available in 18mg, 36mg
CALIFORNIA PROPOSITION 65 - Warning: This product contains nicotine, a chemical known to the state of California to cause birth defects or other reproductive harm.",,,,,,https://www.elementvape.com/tobacco-salts-bantam-vape
TOASTED TOBACCO - BANTAM VAPE - 60ML,BANTAM VAPE,TOASTED TOBACCO - BANTAM VAPE - 60ML,$11.99,"Delight in Toasted Tobacco by Bantam Vape, capturing notes of sharp flue-cured tobacco accented with vanilla custard and toasted almonds.
Toasted Tobacco - Bantam Vape Features:
60mL Unicorn Bottle
Child Resistant Cap
70% VG
30% PG
Made in USA
Available in 0mg, 3mg, 6mg
CALIFORNIA PROPOSITION 65 - Warning: This product contains nicotine, a chemical known to the state of California to cause birth defects or other reproductive harm.",,,,,,https://www.elementvape.com/toasted-tobacco-bantam-vape
TOBACCO - BANTAM VAPE - 60ML,BANTAM VAPE,TOBACCO - BANTAM VAPE - 60ML,$11.99,"Enjoy Tobacco by Bantam Vape, an impeccable blend of robust yet smooth tobacco highlighted by a nutty finish that will delight the taste buds.
Tobacco - Bantam Vape Features:
60mL Unicorn Bottle
Child Resistant Cap
70% VG
30% PG
Made in USA
Available in 0mg, 3mg, 6mg
CALIFORNIA PROPOSITION 65 - Warning: This product contains nicotine, a chemical known to the state of California to cause birth defects or other reproductive harm.",,,,,,https://www.elementvape.com/tobacco-bantam-vape
TOBACCO - AIR FACTORY SALTS E-LIQUIDS - 30ML,AIR FACTORY,TOBACCO - AIR FACTORY SALTS E-LIQUIDS - 30ML,$10.99,"Tobacco by Air Factory SALTS E-Liquid is a powerful nicotine salt blend, infusing notes of smooth relaxing tobacco to create a delectable vape experience for those moving from analog to digital.
Warning: This product is not meant for use in devices that reach sub-ohm resistance. We recommend this liquid to be used in pod-based, closed systems devices, and ultra low-output atomizers/mods. Every salt-based nicotine e-juice contains significantly higher levels of nicotine per milliliter, optimal for beginners or experienced vapers looking for a travel-friendly experience.
Air Factory SALTS E-Liquids - Tobacco Features:
30mL Unicorn Bottle
Child Resistant Cap
50% VG
50% PG
Made in USA
Nicotine Salts Formulation
Crafted For Ultra-Low Wattage & Pod-Based System
Available in 35mg, 50mg
CALIFORNIA PROPOSITION 65 - Warning: This product contains nicotine, a chemical known to the state of California to cause birth defects or other reproductive harm. ",,,,,,https://www.elementvape.com/tobacco-air-factory-salts
MENTHOL - TOBACCO MONSTER SALTS - 30ML,FIND BRAND,MENTHOL - TOBACCO MONSTER SALTS - 30ML,$10.99,"Check out Menthol by Tobacco Monster Salts, an offshoot of Jam Monster Liquids, specializing in robust rich tobacco flavors enhanced with a chilly blast of menthol that will freeze the senses. From the creators of Monster Vape Labs.
Menthol - Tobacco Monster Salts - 30mL Features:
• Capacity: 2x 15mL Unicorn Bottles
• PG: 50%
• VG: 50%
• Formulation: Synthetic Nicotine Salts
• Child Resistant Cap
• Made in USA
Available Options:
20mg, 24mg, 40mg, 48mg, 60mg
WARNINGS:
CALIFORNIA PROPOSITION 65 - Warning: This product contains nicotine, a chemical known to the state of California to cause birth defects or other reproductive harm.",,50%,50%,,,https://www.elementvape.com/menthol-salt-tobacco-monster
SMOOTH - TOBACCO MONSTER SALTS - 30ML,FIND BRAND,SMOOTH - TOBACCO MONSTER SALTS - 30ML,$10.99,"Presenting Smooth by Tobacco Monster Salts, capturing the taste of tobacco leaves cured in a pool of nicotine salts. From the creators of Monster Vape Labs.
Smooth - Tobacco Monster Salts - 30mL Features:
• Capacity: 2x 15mL Unicorn Bottles
• PG: 50%
• VG: 50%
• Formulation: Synthetic Nicotine Salts
• Child Resistant Cap
• Made in USA
Available Options:
40mg, 48mg
WARNINGS:
CALIFORNIA PROPOSITION 65 - Warning: This product contains nicotine, a chemical known to the state of California to cause birth defects or other reproductive harm.",,50%,50%,,,https://www.elementvape.com/smooth-salt-tobacco-monster
RICH - TOBACCO MONSTER SALTS - 30ML,FIND BRAND,RICH - TOBACCO MONSTER SALTS - 30ML,$10.99,"Check out Rich by Tobacco Monster Salts, a powerful nicotine salt blend crafted by the makers of Jam Monster Liquids, that incorporates notes of robust tobacco to tantalize the senses. From the creators of Monster Vape Labs.
Rich - Tobacco Monster Salts - 30mL Features:
• Capacity: 2x 15mL Unicorn Bottles
• PG: 50%
• VG: 50%
• Formulation: Synthetic Nicotine Salts
• Child Resistant Cap
• Made in USA
Available Options:
20mg, 24mg, 40mg, 48mg, 60mg
WARNINGS:
CALIFORNIA PROPOSITION 65 - Warning: This product contains nicotine, a chemical known to the state of California to cause birth defects or other reproductive harm.",,50%,50%,,,https://www.elementvape.com/rich-salt-tobacco-monster
BOLD - TOBACCO MONSTER SALTS - 30ML,FIND BRAND,BOLD - TOBACCO MONSTER SALTS - 30ML,$10.99,"Providing an exhilarating experience, Bold by Tobacco Monster Salts features a nicotine salt blend of rich smooth tobacco that will uplift the spirits. From the creators of Monster Vape Labs.
Bold - Tobacco Monster Salts - 30mL Features:
• Capacity: 2x 15mL Unicorn Bottle
• PG: 50%
• VG: 50%
• Formulation: Synthetic Nicotine Salts
• Child Resistant Cap
• Made in USA
Available Options:
20mg, 24mg, 40mg, 48mg, 60mg
WARNINGS:
CALIFORNIA PROPOSITION 65 - Warning: This product contains nicotine, a chemical known to the state of California to cause birth defects or other reproductive harm.",,50%,50%,,,https://www.elementvape.com/bold-salt-tobacco-monster
MENTHOL - TOBACCO MONSTER - 100ML,FIND BRAND,MENTHOL - TOBACCO MONSTER - 100ML,$13.99,"Enhance your boring tobacco flavors with Menthol by Tobacco Monster, featuring a blend of tobacco and uplifting menthol. Comes in a box of two 30mL bottles. From the creators of Monster Vape Labs.
Menthol - Tobacco Monster - 100mL Features:
• Capacity: 100mL Unicorn Bottle
• PG: 50%
• VG: 50%
• Formulation: Synthetic Freebase Nicotine
• Child Resistant Cap
• Made in USA
Available Options:
0mg, 3mg, 6mg, 12mg, 18mg
WARNINGS:
CALIFORNIA PROPOSITION 65 - Warning: This product contains nicotine, a chemical known to the state of California to cause birth defects or other reproductive harm.",,50%,50%,,,https://www.elementvape.com/menthol-tobacco-monster
SMOOTH - TOBACCO MONSTER - 100ML,FIND BRAND,SMOOTH - TOBACCO MONSTER - 100ML,$13.99,"Try out Smooth by Tobacco Monster, the tobacco branch of Jam Monster Liquids, featuring the smooth uplifting taste of earthy tobacco processed to create a delicious vaping experience. From the creators of Monster Vape Labs.
Smooth - Tobacco Monster - 100mL Features:
• Capacity: 100mL Unicorn Bottle
• PG: 50%
• VG: 50%
• Formulation: Synthetic Freebase Nicotine
• Child Resistant Cap
• Made in USA
Available Options:
0mg, 3mg, 6mg, 12mg, 18mg
WARNINGS:
CALIFORNIA PROPOSITION 65 - Warning: This product contains nicotine, a chemical known to the state of California to cause birth defects or other reproductive harm.",,50%,50%,,,https://www.elementvape.com/smooth-tobacco-monster
RICH - TOBACCO MONSTER - 100ML,FIND BRAND,RICH - TOBACCO MONSTER - 100ML,$13.99,"Taste the new Rich by Tobacco Monster, an offshoot of Jam Monster Liquids, capturing the rich delightful rush of smoky tobacco dried and cured to perfection, allowing the earthy tobacco flavors to develop. From the creators of Monster Vape Labs.
Rich - Tobacco Monster - 100mL Features:
• Capacity: 60mL Unicorn Bottle
• PG: 50%
• VG: 50%
• Formulation: Synthetic Freebase Nicotine
• Child Resistant Cap
• Made in USA
Available Options:
0mg, 3mg, 6mg, 12mg, 18mg
WARNINGS:
CALIFORNIA PROPOSITION 65 - Warning: This product contains nicotine, a chemical known to the state of California to cause birth defects or other reproductive harm.",,50%,50%,,,https://www.elementvape.com/rich-tobacco-monster-liquids-60ml
BOLD - TOBACCO MONSTER - 100ML,FIND BRAND,BOLD - TOBACCO MONSTER - 100ML,$13.99,"Check out Bold by Tobacco Monster capturing the bold and robust flavors of flue cured tobacco leaves that will recreate the rich flavors of tobacco with high accuracy. From the creators of Monster Vape Labs.
Bold - Tobacco Monster - 100mL Features:
• Capacity: 100mL Unicorn Bottle
• PG: 50%
• VG: 50%
• Formulation: Synthetic Freebase Nicotine
• Child Resistant Cap
• Made in USA
Available Options:
0mg, 3mg, 6mg, 12mg, 18mg
WARNINGS:
CALIFORNIA PROPOSITION 65 - Warning: This product contains nicotine, a chemical known to the state of California to cause birth defects or other reproductive harm.",,50%,50%,,,https://www.elementvape.com/bold-tobacco-monster
CUBANO BLACK - VGOD E-LIQUID - 60ML,VGOD,CUBANO BLACK - VGOD E-LIQUID - 60ML,$11.99,"Try out the premium taste of Cubano Black by VGOD E-Liquid, an aged craft specialty, combining bold notes of flue-cured Cuban tobacco rolled into cigars enhanced with the sweet finish of creamy custard for a tantalizing experience.
VGOD E-Liquid - Cubano Black Features:
60mL Chubby Unicorn Bottle
70% PG
30% VG
Made in USA
Available Nicotine: 0mg, 3mg, 6mg
CALIFORNIA PROPOSITION 65 - Warning: This product contains nicotine, a chemical known to the state of California to cause birth defects or other reproductive harm. ",,,,,,https://www.elementvape.com/cubano-black-vgod-e-liquid-60ml
TOBACCO - COASTAL CLOUDS CO. - 60ML,COASTAL CLOUDS,TOBACCO - COASTAL CLOUDS CO. - 60ML,$11.99,"Tobacco (Formerly Cuban) by Coastal Clouds Co. is a straight recreation of premium Havana-bred tobacco cigars, capturing the earthy flavors of Cuban tobacco flavorings and recreating the rich robust aromatic fragrances.
Coastal Clouds Co. - Tobacco Features:
60mL Unicorn Bottle
Child Resistant Cap
70% VG
30% PG
Made in USA
Available nicotine: 0mg, 3mg, 6mg
CALIFORNIA PROPOSITION 65 - Warning: This product contains nicotine, a chemical known to the state of California to cause birth defects or other reproductive harm. ",,,,,,https://www.elementvape.com/cuban-coastal-clouds
JEWEL TOBACCO - POD JUICE - 30ML,POD JUICE,JEWEL TOBACCO - POD JUICE - 30ML,$10.99,"Jewel Tobacco by Pod Juice E-Liquid is carefully crafted over months of testing to produce a rich and smooth tobacco flavor -- infused with silky Virginia Tobacco notes filled in earthy and oaky notes.
Warning: This product is not meant for use in devices that reach sub-ohm resistance. We recommend this liquid to be used in vape pod system and ultra low-output atomizers/mods. Every nicotine salts e-juice contains significantly higher levels of nicotine per milliliter, optimal for beginners or experienced vapers looking for a travel-friendly experience.
Pod Juice - Jewel Tobacco Features:
30mL Unicorn Bottle
Child Resistant Cap
50% PG
50% VG
Nicotine Salts Formulation
Crafted For Ultra-Low Wattage & Pod-Based System
Made in USA
Available in 35mg, 55mg
CALIFORNIA PROPOSITION 65 - Warning: This product contains nicotine, a chemical known to the state of California to cause birth defects or other reproductive harm. ",,,,,,https://www.elementvape.com/jewel-tobacco-pod-juice
CUBAN BLEND - NKD100 SALT E-LIQUID - 30ML,FIND BRAND,CUBAN BLEND - NKD100 SALT E-LIQUID - 30ML,$10.99,"Cuban Blend by NKD 100 Salt E-Liquid combines the delectable aromas of freshly rolled Havana Cigars hailing from the island nation of Cuba, capturing the deliciously fragrant tobacco notes to be crossed with tasty nicotine salts.
Warning: This product is not meant for use in devices that reach sub-ohm resistance. We recommend this liquid to be used in vape pod system and ultra low-output atomizers/mods. Every nicotine salts e-juice contains significantly higher levels of nicotine per milliliter, optimal for beginners or experienced vapers looking for a travel-friendly experience.
NKD 100 Salt E-Liquid - Cuban Blend Features:
30mL Unicorn Bottle
Child Resistant Cap
Nicotine Salts Formulation
Crafted For Ultra-Low Wattage & Pod-Based Systems
Made in USA
Available in 35mg, 50mg
CALIFORNIA PROPOSITION 65 - Warning: This product contains nicotine, a chemical known to the state of California to cause birth defects or other reproductive harm. ",,,,,,https://www.elementvape.com/cuban-blend-nkd-100-salt
EURO GOLD - NKD 100 SALT E-LIQUID - 30ML,FIND BRAND,EURO GOLD - NKD 100 SALT E-LIQUID - 30ML,$10.99,"Euro Gold by NKD 100 Salt E-Liquid captures the heavenly aromas of cured tobacco, extracting sweet and robust fragrances from this exquisitely balanced nicotine salt eJuice that is sure to uplift the senses.
Warning: This product is not meant for use in devices that reach sub-ohm resistance. We recommend this liquid to be used in vape pod system and ultra low-output atomizers/mods. Every nicotine salts e-juice contains significantly higher levels of nicotine per milliliter, optimal for beginners or experienced vapers looking for a travel-friendly experience.
NKD 100 Salt E-Liquid - Euro Gold Features:
30mL Unicorn Bottle
Child Resistant Cap
Nicotine Salts Formulation
Crafted For Ultra-Low Wattage & Pod-Based Systems
Made in USA
Available in 35mg, 50mg
CALIFORNIA PROPOSITION 65 - Warning: This product contains nicotine, a chemical known to the state of California to cause birth defects or other reproductive harm. ",,,,,,https://www.elementvape.com/euro-gold-nkd-100-salt
CUBANO SILVER - VGOD E-LIQUID - 60ML,VGOD,CUBANO SILVER - VGOD E-LIQUID - 60ML,$11.99,"Cubano Silver by VGOD E-Liquid is a reinvention of a hand rolled Cubano Cigar, accentuating notes of proprietary spices, rich sweet vanilla custard rounded out with a hint of warm caramelized brown sugar touched with honey.
VGOD E-Liquid - Cubano Silver Features:
60mL Unicorn Bottle
Child Resistant Cap
70% VG
30% PG
Made in USA
Available nicotine: 0mg, 3mg, 6mg
CALIFORNIA PROPOSITION 65 - Warning: This product contains nicotine, a chemical known to the state of California to cause birth defects or other reproductive harm. ",,,,,,https://www.elementvape.com/cubano-silver-vgod-e-liquid-60ml
TOBACCO - COASTAL CLOUDS CO. - 30ML,COASTAL CLOUDS,TOBACCO - COASTAL CLOUDS CO. - 30ML,$10.99,"Saltwater Tobacco by Coastal Clouds Co. takes a unique blend of nicotine salts with the addition of earthy cured tobacco to create a decadent but true flavor that will uplift the senses.
Warning: This product is not meant for use in devices that reach sub-ohm resistance. We recommend this liquid to be used in vape pod system and ultra low-output atomizers/mods. Every nicotine salts e-juice contains significantly higher levels of nicotine per milliliter, optimal for beginners or experienced vapers looking for a travel-friendly experience.
Coastal Clouds Co. - Saltwater Tobacco Features:
30mL Unicorn Bottle
Child Resistant Cap
Nicotine Salts Formulation
Crafted For Ultra-Low Wattage & Pod-Based System
Made in USA
Available in 35mg, 50mg
CALIFORNIA PROPOSITION 65 - Warning: This product contains nicotine, a chemical known to the state of California to cause birth defects or other reproductive harm. ",,,,,,https://www.elementvape.com/saltwater-tobacco-coastal-clouds
SILVER BLEND - NASTY SALT - 30ML,FIND BRAND,SILVER BLEND - NASTY SALT - 30ML,$10.99,"Silver Blend by NASTY SALT is a creative tobacco based mixture, combining flue-cured tobacco topped with hints of vanilla custard to create a tasty nicotine salt E-Liquid that will capture the senses.
Warning: This product is not meant for use in devices that reach sub-ohm resistance. We recommend this liquid to be used in vape pod system and ultra low-output atomizers/mods. Every nicotine salts e-juice contains significantly higher levels of nicotine per milliliter, optimal for beginners or experienced vapers looking for a travel-friendly experience.
Nasty SALT - Silver Blend Features:
30mL Unicorn Bottle
Child Resistant Cap
50% PG
50% VG
Nicotine Salts Formulation
Crafted for Ultra-Low Wattage & Pod Based Systems
Made in USA
Available nicotine: 35mg, 50mg
CALIFORNIA PROPOSITION 65 - Warning: This product contains nicotine, a chemical known to the state of California to cause birth defects or other reproductive harm. ",,,,,,https://www.elementvape.com/silver-blend-nasty-salt-30ml
BRONZE BLEND - NASTY SALT - 30ML,FIND BRAND,BRONZE BLEND - NASTY SALT - 30ML,$10.99,"Bronze Blend by NASTY SALT is a rich bold tobacco flavored eJuice, incorporating sweeter elements like smooth caramel and velvety vanilla to create a pleasantly delectable blend that will tantalize the taste buds.
Warning: This product is not meant for use in devices that reach sub-ohm resistance. We recommend this liquid to be used in vape pod system and ultra low-output atomizers/mods. Every nicotine salts e-juice contains significantly higher levels of nicotine per milliliter, optimal for beginners or experienced vapers looking for a travel-friendly experience.
Nasty SALT - Bronze Blend Features:
30mL Unicorn Bottle
Child Resistant Cap
50% PG
50% VG
Nicotine Salts Formulation
Crafted for Ultra-Low Wattage & Pod Based Systems
Made in USA
Available nicotine: 35mg, 50mg
CALIFORNIA PROPOSITION 65 - Warning: This product contains nicotine, a chemical known to the state of California to cause birth defects or other reproductive harm. ",,,,,,https://www.elementvape.com/bronze-blend-nasty-salt-30ml
VANILLA TOBACCO GRANOLA BAR - YOGI SALTS E-LIQUID - 30ML,FIND BRAND,VANILLA TOBACCO GRANOLA BAR - YOGI SALTS E-LIQUID - 30ML,$10.99,"Vanilla Tobacco Granola Bar by Yogi SALTS E-Liquid is a nicotine salts blend combining elements of rich vanilla and cured tobacco paired with a crunchy granola bar for an unusually tasty vape.

Warning: This product is not meant for use in devices that reach sub-ohm resistance. We recommend this liquid to be used in vape pod system and ultra low-output atomizers/mods. Every nicotine salts e-juice contains significantly higher levels of nicotine per milliliter, optimal for beginners or experienced vapers looking for a travel-friendly experience.
Yogi SALTS E-Liquid - Vanilla Tobacco Granola Bar Features:
30mL Unicorn Bottle 
Child Resistant Cap 
50% PG 
50% VG 
Nicotine Salts Formulation 
Crafted For Ultra-Low Wattage & Pod-Based System 
Made in USA 
Manufactured for Axiocore Corporation 
Available in 35mg, 50mg
CALIFORNIA PROPOSITION 65 - Warning: This product contains nicotine, a chemical known to the state of California to cause birth defects or other reproductive harm. ",,,,,,https://www.elementvape.com/vanilla-tobacco-granola-bar-yogi-salts-e-liquid-30ml
VANILLA TOBACCO GRANOLA BAR - YOGI E-LIQUID - 60ML,FIND BRAND,VANILLA TOBACCO GRANOLA BAR - YOGI E-LIQUID - 60ML,$11.99,"Vanilla Tobacco Granola Bar by Yogi E-Liquid is an interesting eJuice mixture, combining the rich essences of sweet vanilla coupled with cured tobacco followed by a crunchy honey-touched granola finish. 
Yogi E-Liquid - Vanilla Tobacco Granola Bar Features:
60mL Unicorn Bottle 
Child Resistant Cap 
30% PG 
70% VG 
Made in USA 
Availalbe nicotine: 0mg, 3mg, 6mg 
Manufactured by AxioCore
CALIFORNIA PROPOSITION 65 - Warning: This product contains nicotine, a chemical known to the state of California to cause birth defects or other reproductive harm. ",,,,,,https://www.elementvape.com/vanilla-tobacco-granola-bar-yogi-e-liquid-60ml
APPLE TOBACCO - PACHAMAMA SALTS - 30ML,FIND BRAND,APPLE TOBACCO - PACHAMAMA SALTS - 30ML,$10.99,"Apple Tobacco by Pachamama SALTS is a tasty recreation of freshly picked apples paired with a generous helping of harvested tobacco for an interesting combination that will liven the senses and befuddle the taste buds.

Warning: This product is not meant for use in devices that reach sub-ohm resistance. We recommend this liquid to be used in vape pod system and ultra low-output atomizers/mods. Every nicotine salts e-juice contains significantly higher levels of nicotine per milliliter, optimal for beginners or experienced vapers looking for a travel-friendly experience.
Pachamama SALT - Apple Tobacco Features:
30mL Unicorn Bottle
Child Resistant Cap
50% VG
50% PG
Synthetic Nicotine Salt Formulation
Made in USA
Available nicotine: 25mg, 50mg
Manufactured by Charlie Chalk Dust
CALIFORNIA PROPOSITION 65 - Warning: This product contains nicotine, a chemical known to the state of California to cause birth defects or other reproductive harm. ",,,,,,https://www.elementvape.com/apple-tobacco-pachamama-salts
CUBANO SILVER - VGOD SALTNIC - 30ML,VGOD,CUBANO SILVER - VGOD SALTNIC - 30ML,$10.99,"Cubano Silver by VGOD SaltNic is created for cigar aficionados, combining notes of sweet honey, tasty brown sugar, thick molasses, creamy custard, and rich vanilla accents that come together to create a delicious nicotine salt.

Warning: This product is not meant for use in devices that reach sub-ohm resistance. We recommend this liquid to be used in vape pod system and ultra low-output atomizers/mods. Every nicotine salts e-juice contains significantly higher levels of nicotine per milliliter, optimal for beginners or experienced vapers looking for a travel-friendly experience.
VGOD SaltNic - Cubano Silver Features:
30mL Unicorn Bottle
30% PG
70% VG
Nicotine Salts Formulation
Crafted For Ultra-Low Wattage & Pod -Based System
Made in USA
Manufactured by SaltNic
Available in 25mg, 50mg
CALIFORNIA PROPOSITION 65 - Warning: This product contains nicotine, a chemical known to the state of California to cause birth defects or other reproductive harm. ",,,,,,https://www.elementvape.com/cubano-silver-vgod-saltnic-30ml
SWEET CARAMEL TOBACCO SALT - BLVK - 30ML,FIND BRAND,SWEET CARAMEL TOBACCO SALT - BLVK - 30ML,$10.99,"Caramel Salt by BLVK Unicorn takes rich notes of thick caramel, combining it with the essence of rolled tobacco leaves to create a tasty invigorating vape experience that will leave the taste buds longing for the next vape session.

Warning: This product is not meant for use in devices that reach sub-ohm resistance. We recommend this liquid to be used in pod-based, closed systems devices, and ultra low-output atomizers/mods. Every salt-based nicotine e-juice contains significantly higher levels of nicotine per milliliter, optimal for beginners or experienced vapers looking for a travel-friendly experience.
BLVK Unicorn - Caramel Salt Features:
30mL Unicorn Bottle
40% PG
60% VG
Made in USA
Available in 35mg, 50mg
CALIFORNIA PROPOSITION 65 - Warning: This product contains nicotine, a chemical known to the state of California to cause birth defects or other reproductive harm. ",,,,,,https://www.elementvape.com/caramel-salt-blvk-unicorn-30ml
CUBAN CIGAR SALT - BLVK - 30ML,FIND BRAND,CUBAN CIGAR SALT - BLVK - 30ML,$10.99,"Cuban Cigar Salt by BLVK Unicorn is a nicotine salt blend, borrowing rich notes of sugary tobacco leaves and pairing it with a finely rolled Cuban cigar touched with hints of vanilla for an unforgettable vape.
Warning: This product is not meant for use in devices that reach sub-ohm resistance. We recommend this liquid to be used in pod-based, closed systems devices, and ultra low-output atomizers/mods. Every salt-based nicotine e-juice contains significantly higher levels of nicotine per milliliter, optimal for beginners or experienced vapers looking for a travel-friendly experience.
BLVK Unicorn - Cuban Cigar Salt Features:
30mL Unicorn Bottle
40% PG
60% VG
Made in USA
Available in 35mg, 50mg
CALIFORNIA PROPOSITION 65 - Warning: This product contains nicotine, a chemical known to the state of California to cause birth defects or other reproductive harm. ",,,,,,https://www.elementvape.com/cuban-cigar-salt-blvk-unicorn-30ml
CUBANO - VGOD SALTNIC - 30ML,VGOD,CUBANO - VGOD SALTNIC - 30ML,$10.99,"Cubano by VGOD Salt Nic is mainly a tobacco flavored blend of nicotine salt, borrowing hints of rich creamy vanilla and smooth smoky tobacco notes to create a phenomenal mature flavor.

Warning: This product is not meant for use in devices that reach sub-ohm resistance. We recommend this liquid to be used in vape pod system and ultra low-output atomizers/mods. Every salt-based nicotine e-juice contains significantly higher levels of nicotine per milliliter, optimal for beginners or experienced vapers looking for a travel-friendly experience.
VGOD E-Liquid - Cubano SaltNic Features:
30mL Chubby Unicorn Bottle 
70% PG
30% VG
Made in USA 
Available Nicotine: 25mg, 50mg
CALIFORNIA PROPOSITION 65 - Warning: This product contains nicotine, a chemical known to the state of California to cause birth defects or other reproductive harm. ",,,,,,https://www.elementvape.com/cubano-vgod-saltnic-30ml
CUBANO BLACK - VGOD SALTNIC - 30ML,VGOD,CUBANO BLACK - VGOD SALTNIC - 30ML,$10.99,"Cubano Black by VGOD SaltNic E-Liquid is a premium blend of nicotine salt, emulating the rich robust notes of tobacco from Cuba paired with undertones of creamy custard.

Warning: This product is not meant for use in devices that reach sub-ohm resistance. We recommend this liquid to be used in vape pod system and ultra low-output atomizers/mods. Every salt-based nicotine e-juice contains significantly higher levels of nicotine per milliliter, optimal for beginners or experienced vapers looking for a travel-friendly experience.
VGOD E-Liquid - Cubano Black SaltNic Features:
30mL Chubby Unicorn Bottle 
70% PG
30% VG
Made in USA 
Available Nicotine: 25mg, 50mg
CALIFORNIA PROPOSITION 65 - Warning: This product contains nicotine, a chemical known to the state of California to cause birth defects or other reproductive harm. ",,,,,,https://www.elementvape.com/cubano-black-vgod-saltnic-30ml
DRY TOBACCO - VGOD SALTNIC - 30ML,VGOD,DRY TOBACCO - VGOD SALTNIC - 30ML,$10.99,"Dry Tobacco by VGOD SaltNic captures the refined flavors of ""brightleaf tobacco"" accurately, making it a great choice for those transitioning from tobacco cigarette products, mimicking the creamy mild character of their previous cigarette go-to.

Warning: This product is not meant for use in devices that reach sub-ohm resistance. We recommend this liquid to be used in pod-based, closed systems devices, and ultra low-output atomizers/mods. Every salt-based nicotine e-juice contains significantly higher levels of nicotine per milliliter, optimal for beginners or experienced vapers looking for a travel-friendly experience.
Quick Links:
Pod Systems 
VGOD SaltNic - Dry Tobacco Features:
30mL Unicorn Bottle
Nicotine Salts Formulation
Crafted For Ultra-Low Wattage & Pod-Based System
Manufactured by SaltNic
Made in USA
Available nicotine: 25mg, 50mg
CALIFORNIA PROPOSITION 65 - Warning: This product contains nicotine, a chemical known to the state of California to cause birth defects or other reproductive harm. ",,,,,,https://www.elementvape.com/dry-tobacco-vgod-saltnic-30ml
SWEET TOBACCO - I LOVE SALTS - 30ML,FIND BRAND,SWEET TOBACCO - I LOVE SALTS - 30ML,$10.99,"I Love Salts - Sweet Tobacco is part of the nic salt collection by Mad Hatter Juice, delivering a modern tobacco flavor featuring the smooth nuttiness of earthy tobacco and sweetness from bold vanilla and yummy custard.

Warning: This product is not meant for use in devices that reach sub-ohm resistance. We recommend this liquid to be used in pod-based, closed systems devices, and ultra low-output atomizers/mods. Every salt-based nicotine e-juice contains significantly higher levels of nicotine per milliliter, optimal for beginners or experienced vapers looking for a travel-friendly experience.
Quick Links to Compatible Devices:
Ultra Portable Systems
I Love Salts - Sweet Tobacco Features:
30mL Glass Bottle
Dropper In Bottle
50% VG
50% PG
Synthetic Nicotine Salts Formulation
Crafted For Ultra-Low Wattage & Pod-Based System
Available nicotine: 25mg, 50mg
Made in USA
Manufactured by Mad Hatter Juice
CALIFORNIA PROPOSITION 65 - Warning: This product contains nicotine, a chemical known to the state of California to cause birth defects or other reproductive harm. ",,,,,,https://www.elementvape.com/sweet-tobacco-i-love-salts
AMERICAN PATRIOTS - NKD 100 SALT E-LIQUID - 30ML,FIND BRAND,AMERICAN PATRIOTS - NKD 100 SALT E-LIQUID - 30ML,$10.99,"American Patriots by NKD 100 Salt E-Liquid is a special nicotine salt formulation of featuring a full bodied rich tobacco blend with firm, full rounded, and distinct notes that pay homage to the most legendary of tobacco flavors. Manufactured by USA Vape Lab, the new NKD 100 Salt line is a special expansion of Naked 100 Collection catering towards a nicotine-salt based experience with higher nicotine hits that can be managed by a lower-wattage and pod-based system.
Warning: This product is not meant for use in devices that reach sub-ohm resistance. We recommend this liquid to be used in pod-based, closed systems devices, and ultra low-output atomizers/mods. Every salt-based nicotine e-juice contains significantly higher levels of nicotine per milliliter.
Quick Links to Compatible Devices:
Ultra Portable Systems 
NKD 100 Salt E-Liquid - American Patriots Features:
30mL Glass Bottle
Dropper In Bottle
Nicotine Salts Formulation
Crafted For Ultra-Low Wattage & Pod-Based System
Made in USA
Available nicotine: 35mg, 50mg
CALIFORNIA PROPOSITION 65 - Warning: This product contains nicotine, a chemical known to the state of California to cause birth defects or other reproductive harm. ",,,,,,https://www.elementvape.com/american-patriots-nkd-100-salt
BUTTERSCOTCH RESERVE - BSX SERIES - 60ML,FIND BRAND,BUTTERSCOTCH RESERVE - BSX SERIES - 60ML,$11.99,"Butterscotch Reserve is part of the sensational Basix Series from the creators of Glas Vapor E-Liquid, introducing the first tobacco flavor from the highly recognizable brand with the addition of rich butterscotch and caramel component.
Glas Vapor Basix Series - Butterscotch Features:
60mL Unicorn Bottle
Dropper In Bottle
70% VG
30% PG
Made in USA
Available Nicotine: 0mg, 3mg, 6mg
CALIFORNIA PROPOSITION 65 - Warning: This product contains nicotine, a chemical known to the state of California to cause birth defects or other reproductive harm. ",,,,,,https://www.elementvape.com/basix-butterscotch-reserve-glas
EURO GOLD - NAKED 100 TOBACCO - 60ML,FIND BRAND,EURO GOLD - NAKED 100 TOBACCO - 60ML,$11.99,"Euro Gold by Naked 100 Tobacco is part of the highly anticipated tobacco series, providing a gold-standard in tobacco flavors with a smooth sensation of a lit cigarette's tobacco. The subtle notes makes the experience enjoyable while satisfying your needs.
Naked 100 Tobacco - Euro Gold Features:
60mL Glass Bottle
Dropper in Bottle
65% VG
35% PG
Made in USA
Available nicotine: 0mg, 3mg, 6mg, 12mg
CALIFORNIA PROPOSITION 65 - Warning: This product contains nicotine, a chemical known to the state of California to cause birth defects or other reproductive harm. ",,,,,,https://www.elementvape.com/euro-gold-naked-100-tobacco
CUBAN BLEND - NAKED 100 TOBACCO - 60ML,FIND BRAND,CUBAN BLEND - NAKED 100 TOBACCO - 60ML,$11.99,"Cuban Blend by Naked 100 Tobacco is part of the highly anticipated tobacco series, presenting a top-shelf, Cuban-grade cigar scent for a bold tobacco experience. Enjoy the richness taste Cuban cigars are known for right from your vape.
Naked 100 Tobacco - Cuban Blend Features:
60mL Glass Bottle
Dropper in Bottle
65% VG
35% PG
Made in USA
Available nicotine: 0mg, 3mg, 6mg
CALIFORNIA PROPOSITION 65 - Warning: This product contains nicotine, a chemical known to the state of California to cause birth defects or other reproductive harm. ",,,,,,https://www.elementvape.com/cuban-blend-naked-100-tobacco
AMERICAN PATRIOTS - NAKED 100 TOBACCO - 60ML,FIND BRAND,AMERICAN PATRIOTS - NAKED 100 TOBACCO - 60ML,$11.99,"American Patriot by Naked 100 Tobacco is part of the highly anticipated tobacco series, delivering the same flavor experience from a red pack of analog cigarettes that made the American Cowboy famous. Get a hold of rich tobacco taste without the lingering smell.
Naked 100 Tobacco - Cowboy Features:
60mL Glass Bottle
Dropper in Bottle
65% VG
35% PG
Made in USA
Available nicotine: 0mg, 3mg, 6mg
CALIFORNIA PROPOSITION 65 - Warning: This product contains nicotine, a chemical known to the state of California to cause birth defects or other reproductive harm. ",,,,,,https://www.elementvape.com/american-patriot-naked-100-tobacco
